r_id,pais,ed,q10new_18,r1,r3,r4,r4a,r5,r6,r7,r8,r12,r14,r15,r16,r18,ur,q14,fs2,fs8,wf1
1,Honduras,6,0,1,1,0,1,0,0,0,0,1,1,0,0,0,Rural,1,0,0,0
2,Honduras,6,5,1,1,0,1,1,0,0,0,1,1,0,0,0,Rural,0,0,0,0
3,Honduras,12,3,1,1,0,1,0,1,1,0,0,1,0,1,1,Urban,1,1,1,0
4,Honduras,6,2,0,0,1,0,0,0,0,0,0,0,0,NA,0,Rural,1,1,1,0
5,Honduras,9,0,1,1,0,1,0,0,0,0,0,0,0,1,0,Rural,0,1,0,0
6,Honduras,6,NA,1,0,0,1,0,0,0,0,0,0,0,0,0,Rural,0,0,0,0
7,Honduras,6,9,1,1,1,1,0,1,1,0,1,1,0,1,0,Urban,0,0,0,0
8,Honduras,6,2,0,0,0,0,0,0,1,0,1,0,0,NA,0,Urban,1,0,0,0
9,Honduras,9,NA,1,1,0,1,0,0,0,0,1,1,1,0,1,Urban,0,1,0,0
10,Honduras,6,15,0,0,0,1,0,0,0,0,0,0,0,NA,0,Rural,1,1,1,0
11,Honduras,18,13,1,1,0,1,0,0,1,0,1,1,1,1,1,Urban,0,0,0,0
12,Honduras,17,15,1,1,0,1,1,1,1,0,1,1,1,1,1,Rural,0,0,0,0
13,Honduras,14,14,1,0,0,1,0,1,1,0,1,1,0,0,0,Urban,0,0,0,0
14,Honduras,6,12,1,1,0,1,0,0,0,0,0,0,0,0,0,Rural,1,0,0,1
15,Honduras,10,4,1,0,0,1,0,0,0,0,0,1,0,0,0,Urban,1,1,1,0
16,Honduras,12,NA,1,1,0,0,0,0,0,0,1,1,0,0,0,Rural,1,1,1,0
17,Honduras,7,10,1,1,0,1,0,1,1,1,1,1,0,0,1,Rural,0,0,0,0
18,Honduras,11,11,1,1,0,1,0,0,0,0,0,0,0,0,0,Rural,1,1,1,0
19,Honduras,9,9,1,1,0,1,1,0,0,1,1,0,0,1,0,Rural,0,0,0,0
20,Honduras,1,NA,1,1,0,1,1,0,1,1,0,1,1,1,0,Urban,0,0,0,0
21,Honduras,6,7,1,1,0,1,0,0,0,0,1,1,0,1,1,Rural,1,0,0,0
22,Honduras,9,1,1,1,0,1,0,0,0,1,0,0,0,1,0,Rural,0,0,0,0
23,Honduras,8,11,1,0,0,1,0,0,1,1,1,1,0,0,1,Urban,0,0,0,0
24,Honduras,6,15,1,1,0,1,1,1,1,0,1,1,0,1,0,Urban,0,0,0,0
25,Honduras,8,8,1,1,1,1,0,1,1,0,1,1,0,1,1,Urban,0,0,0,0
26,Honduras,6,0,1,1,0,1,0,0,0,0,1,0,0,1,0,Rural,0,0,0,0
27,Honduras,0,5,1,1,1,1,0,0,0,0,1,0,0,1,0,Rural,1,0,0,1
28,Honduras,6,1,1,1,0,0,1,0,0,0,1,1,1,1,1,Urban,1,0,0,0
29,Honduras,6,NA,0,1,0,1,0,0,0,0,0,0,0,NA,0,Rural,0,1,0,1
30,Honduras,9,7,1,1,1,1,1,1,1,0,1,1,0,0,1,Urban,1,1,1,0
31,Honduras,6,0,0,0,0,1,0,0,0,0,0,0,0,NA,0,Rural,1,1,0,0
32,Honduras,18,15,1,1,0,1,3,1,1,1,1,1,1,1,1,Urban,0,0,0,0
33,Honduras,6,0,0,0,0,0,0,0,0,0,0,0,0,NA,0,Urban,0,1,1,0
34,Honduras,8,12,1,1,0,1,1,0,0,0,1,1,1,1,0,Urban,0,0,0,0
35,Honduras,18,12,1,1,0,1,1,0,1,0,1,1,1,1,1,Urban,0,0,0,0
36,Honduras,6,0,1,1,0,1,1,0,0,0,1,0,0,0,0,Rural,0,0,0,0
37,Honduras,5,9,0,0,0,0,0,0,0,0,0,0,0,NA,0,Rural,1,1,1,0
38,Honduras,9,3,1,1,0,1,0,0,0,0,1,1,0,0,0,Urban,0,0,0,0
39,Honduras,6,1,1,0,0,0,0,0,0,0,1,0,0,0,0,Rural,0,1,1,0
40,Honduras,7,1,1,1,0,1,1,0,0,1,1,1,0,0,1,Urban,1,0,0,0
41,Honduras,9,13,1,0,0,1,1,0,1,0,0,0,0,1,1,Urban,1,0,0,0
42,Honduras,13,14,1,1,0,1,0,0,1,1,1,1,1,0,0,Urban,1,0,0,0
43,Honduras,12,11,1,1,0,1,1,0,1,0,1,1,0,1,1,Urban,0,1,1,0
44,Honduras,6,7,1,0,0,1,0,0,0,0,1,0,0,1,0,Urban,1,1,1,0
45,Honduras,9,2,1,1,0,1,0,1,1,0,1,1,0,1,0,Rural,1,0,0,0
46,Honduras,17,13,1,1,0,1,1,1,1,0,1,1,1,1,1,Rural,1,0,0,0
47,Honduras,3,4,1,1,1,1,0,1,1,0,1,1,0,1,1,Urban,0,0,0,0
48,Honduras,6,NA,1,0,0,1,0,0,0,1,1,0,0,0,1,Urban,0,0,0,0
49,Honduras,6,NA,1,0,0,1,0,0,0,0,0,0,0,1,0,Rural,0,0,0,0
50,Honduras,11,12,1,1,0,1,0,0,0,1,1,1,0,1,0,Urban,1,0,0,0
51,Honduras,2,8,0,1,0,1,0,1,0,0,0,0,0,NA,0,Urban,0,0,0,0
52,Honduras,12,6,1,1,0,1,0,1,0,0,1,1,0,0,1,Urban,1,1,0,0
53,Honduras,NA,NA,1,0,0,1,0,0,0,1,1,0,0,0,0,Rural,0,0,0,0
54,Honduras,0,4,0,0,0,0,0,0,0,0,0,0,0,NA,0,Rural,0,0,0,0
55,Honduras,6,1,1,1,0,0,0,0,0,0,1,0,0,0,0,Urban,1,1,1,0
56,Honduras,9,2,1,1,0,1,0,1,1,1,1,1,0,1,0,Urban,1,1,0,0
57,Honduras,10,14,1,0,0,0,0,0,0,0,1,1,0,0,0,Urban,1,0,0,0
58,Honduras,3,7,1,0,0,1,0,0,0,0,1,0,0,0,0,Urban,1,1,1,1
59,Honduras,3,2,1,1,0,1,0,0,0,0,1,0,0,0,0,Urban,0,1,1,0
60,Honduras,12,7,1,1,0,1,1,0,1,1,1,1,0,1,1,Urban,1,1,0,0
61,Honduras,2,4,1,1,0,0,0,0,0,0,1,1,0,0,0,Urban,0,0,0,0
62,Honduras,NA,0,0,0,0,1,0,0,0,0,0,0,0,NA,0,Rural,0,0,0,0
63,Honduras,11,7,1,1,0,1,0,1,1,0,1,1,0,1,0,Urban,0,1,0,0
64,Honduras,3,NA,0,0,0,1,0,0,0,0,1,1,0,NA,0,Urban,0,1,1,1
65,Honduras,9,14,1,1,0,1,0,0,1,0,1,0,1,1,1,Urban,1,0,0,0
66,Honduras,2,NA,1,1,1,0,0,0,1,1,1,0,0,1,0,Urban,0,0,0,0
67,Honduras,0,NA,0,0,0,0,0,0,0,0,1,0,0,NA,0,Rural,1,1,1,0
68,Honduras,6,11,1,1,0,1,0,0,0,0,1,1,0,0,0,Urban,1,1,1,0
69,Honduras,12,3,1,1,0,1,0,0,0,1,1,0,0,0,1,Rural,0,0,0,0
70,Honduras,3,9,1,1,0,0,0,0,0,0,1,1,0,0,0,Urban,0,1,1,0
71,Honduras,3,6,1,1,0,0,0,1,0,0,1,1,0,1,0,Urban,0,0,1,0
72,Honduras,11,14,1,1,0,1,0,0,1,0,1,0,0,1,0,Rural,1,1,1,0
73,Honduras,12,14,1,1,1,1,0,1,1,0,1,1,1,1,1,Urban,1,0,0,0
74,Honduras,6,12,1,1,0,1,1,1,0,0,1,1,0,1,0,Urban,0,0,0,0
75,Honduras,12,12,1,1,1,1,1,1,1,1,1,0,1,0,0,Rural,0,0,0,0
76,Honduras,18,15,1,1,1,1,2,1,1,0,1,1,1,1,1,Urban,1,0,0,0
77,Honduras,3,3,1,0,0,1,0,0,0,0,1,0,0,1,0,Rural,1,1,1,0
78,Honduras,0,10,1,1,1,0,0,0,1,0,1,0,0,0,0,Urban,1,0,0,0
79,Honduras,NA,NA,1,1,0,1,0,0,0,0,0,0,0,1,0,Rural,0,1,0,0
80,Honduras,6,NA,0,0,0,0,0,0,0,0,0,0,0,NA,0,Rural,0,0,0,0
81,Honduras,4,0,0,0,0,1,0,0,0,0,1,0,0,NA,0,Rural,0,0,0,0
82,Honduras,1,0,0,0,0,1,0,0,0,0,1,1,0,NA,0,Urban,0,1,1,0
83,Honduras,12,11,1,1,0,1,0,0,0,1,1,1,0,0,0,Urban,1,1,1,0
84,Honduras,12,13,1,1,0,1,0,1,0,1,1,1,1,1,0,Rural,0,1,0,0
85,Honduras,9,11,1,1,0,1,0,0,0,0,1,0,0,0,0,Urban,0,0,0,0
86,Honduras,6,0,1,1,0,1,0,0,0,0,1,1,0,0,0,Urban,1,1,0,0
87,Honduras,12,7,1,1,0,1,0,0,1,1,1,1,1,1,1,Urban,1,0,0,0
88,Honduras,1,0,0,1,0,1,0,0,0,0,1,0,0,NA,0,Rural,1,0,0,1
89,Honduras,9,0,0,0,1,1,0,0,0,0,0,0,0,NA,0,Urban,1,1,1,0
90,Honduras,16,NA,1,1,1,1,1,0,1,0,1,1,1,1,1,Urban,1,0,1,0
91,Honduras,11,12,1,1,0,1,0,0,1,0,1,1,1,1,1,Urban,1,0,0,0
92,Honduras,12,5,1,0,0,1,0,0,0,0,1,0,0,0,0,Rural,0,1,1,0
93,Honduras,11,3,1,1,0,1,0,0,0,0,1,1,1,0,0,Urban,0,1,0,0
94,Honduras,6,3,0,1,0,1,0,0,0,0,1,1,0,NA,0,Urban,0,0,0,0
95,Honduras,12,4,0,0,0,1,0,0,0,0,1,0,0,NA,0,Rural,0,0,0,0
96,Honduras,5,1,1,1,0,1,1,0,0,0,1,1,0,1,0,Rural,1,1,1,1
97,Honduras,12,11,1,1,0,1,2,0,1,0,1,0,0,1,0,Rural,NA,0,0,0
98,Honduras,2,NA,1,1,1,1,0,0,0,0,1,1,0,0,0,Rural,0,1,0,0
99,Honduras,6,NA,1,1,0,1,0,0,0,1,1,0,0,0,0,Rural,0,0,0,0
100,Honduras,9,6,1,1,0,0,0,0,0,1,1,0,0,0,0,Urban,1,0,0,0
101,Honduras,6,2,1,1,0,1,0,0,0,1,0,0,0,0,0,Urban,0,1,1,0
102,Honduras,4,3,1,1,0,1,0,0,0,0,1,0,0,0,1,Rural,0,0,0,0
103,Honduras,NA,10,1,0,0,1,0,0,0,0,1,0,0,0,0,Rural,0,0,0,0
104,Honduras,7,0,1,1,0,1,0,0,1,0,0,1,0,0,0,Urban,1,0,0,0
105,Honduras,6,2,1,1,0,1,1,0,0,0,1,1,0,1,0,Urban,0,0,0,0
106,Honduras,1,4,1,1,0,1,0,1,0,0,1,1,0,1,0,Rural,0,0,0,0
107,Honduras,3,1,1,1,0,1,0,0,0,0,1,0,0,0,0,Rural,0,1,1,1
108,Honduras,6,1,1,1,0,1,0,0,0,1,1,1,0,1,0,Rural,0,0,0,0
109,Honduras,6,NA,1,1,0,1,0,0,1,1,1,1,0,0,0,Rural,1,0,0,0
110,Honduras,12,2,1,1,0,1,1,1,1,0,1,1,0,0,0,Urban,0,0,0,0
111,Honduras,12,11,1,1,0,1,0,0,1,1,1,1,0,0,0,Urban,0,0,0,0
112,Honduras,2,NA,1,1,0,1,0,1,1,1,1,1,0,0,1,Urban,0,1,1,0
113,Honduras,12,4,1,1,1,1,2,0,1,0,1,1,1,0,1,Urban,0,0,1,1
114,Honduras,12,2,1,1,0,1,0,0,0,1,0,0,0,0,0,Rural,0,1,1,0
115,Honduras,10,14,1,1,0,1,1,1,1,NA,1,0,0,1,0,Rural,1,0,0,0
116,Honduras,9,0,1,1,0,1,0,0,0,0,1,0,0,1,0,Rural,1,1,1,0
117,Honduras,6,0,0,0,0,1,0,0,0,0,0,0,0,NA,0,Rural,0,1,0,0
118,Honduras,16,13,0,1,0,1,0,0,1,0,1,1,0,NA,0,Urban,0,1,0,0
119,Honduras,8,7,1,1,0,1,0,0,1,1,1,1,0,0,1,Rural,1,0,0,0
120,Honduras,12,NA,1,1,0,1,0,0,0,1,1,1,1,1,1,Urban,0,0,0,0
121,Honduras,8,NA,1,1,0,1,1,0,1,0,0,0,1,1,1,Urban,1,0,0,0
122,Honduras,16,12,1,1,0,0,0,0,1,0,1,1,0,1,0,Urban,1,0,0,0
123,Honduras,6,NA,0,1,0,0,0,0,0,1,0,0,0,NA,0,Rural,0,0,0,0
124,Honduras,18,13,1,1,0,1,0,0,1,0,0,1,0,0,0,Urban,0,1,1,0
125,Honduras,1,6,1,0,0,1,0,0,0,0,0,0,0,1,0,Rural,1,1,1,1
126,Honduras,11,6,1,1,1,1,2,1,0,0,1,1,1,1,1,Urban,0,0,0,0
127,Honduras,16,NA,1,1,0,1,1,1,0,1,1,1,0,1,0,Urban,0,0,0,0
128,Honduras,6,1,0,0,0,1,0,0,0,1,0,0,0,NA,0,Rural,0,0,0,0
129,Honduras,12,1,1,1,0,1,1,0,0,0,1,0,0,0,0,Urban,1,1,1,0
130,Honduras,6,2,0,0,0,1,0,0,0,1,1,0,0,NA,0,Rural,1,1,1,0
131,Honduras,6,9,1,1,0,1,1,1,1,0,1,1,0,1,0,Urban,0,1,1,0
132,Honduras,12,14,1,1,0,1,1,1,0,0,1,1,1,1,1,Urban,1,1,1,0
133,Honduras,6,0,1,1,0,1,0,0,0,0,0,0,0,0,0,Rural,0,0,0,1
134,Honduras,12,11,0,0,0,1,0,0,0,1,0,0,0,NA,0,Rural,0,0,0,0
135,Honduras,12,2,1,1,0,1,0,0,0,1,1,0,0,0,0,Rural,0,1,0,1
136,Honduras,6,7,1,1,0,1,0,0,0,0,0,0,0,1,0,Urban,1,0,0,0
137,Honduras,1,0,1,1,0,1,0,0,0,0,0,0,0,0,0,Rural,0,1,1,0
138,Honduras,18,13,1,1,1,1,1,1,1,0,1,1,1,1,1,Urban,1,0,0,0
139,Honduras,9,12,1,1,0,1,0,0,0,0,1,1,0,0,0,Urban,1,1,1,0
140,Honduras,8,2,1,1,0,1,0,0,0,0,1,1,0,1,0,Urban,0,0,0,0
141,Honduras,6,0,1,0,0,1,0,0,0,0,1,0,0,0,0,Urban,0,1,1,1
142,Honduras,2,NA,1,0,0,0,0,0,0,0,0,0,0,0,0,Rural,0,1,0,0
143,Honduras,6,13,1,0,0,1,0,0,1,0,1,1,0,1,0,Urban,1,0,0,0
144,Honduras,4,5,1,0,0,1,0,0,0,0,0,0,0,1,0,Rural,0,1,1,1
145,Honduras,12,14,1,1,0,1,1,0,1,0,1,1,1,1,1,Urban,1,0,0,0
146,Honduras,6,NA,0,1,0,0,0,0,0,0,1,0,0,NA,0,Rural,NA,1,NA,0
147,Honduras,8,NA,1,0,0,1,0,0,0,1,0,0,0,0,0,Rural,0,0,0,0
148,Honduras,4,13,0,0,0,0,0,0,0,0,1,0,0,NA,0,Rural,0,1,1,0
149,Honduras,3,11,1,1,0,1,2,0,1,0,1,1,0,1,1,Urban,0,0,0,0
150,Honduras,6,6,1,0,0,1,0,0,0,0,1,1,0,0,0,Rural,1,0,0,0
151,Honduras,6,7,1,1,0,1,0,0,0,1,1,0,0,0,0,Rural,0,0,0,0
152,Honduras,0,0,1,1,1,0,0,0,0,0,1,1,0,0,0,Rural,0,0,0,0
153,Honduras,11,7,1,0,0,1,0,0,0,0,1,1,1,0,0,Urban,1,1,0,0
154,Honduras,6,NA,1,1,0,1,0,1,1,0,1,1,0,1,0,Urban,1,1,1,0
155,Honduras,6,NA,1,1,0,1,1,0,0,1,1,1,0,1,0,Urban,0,1,1,0
156,Honduras,1,0,0,0,0,0,0,0,0,0,1,0,0,NA,0,Urban,0,1,1,0
157,Honduras,6,NA,1,1,0,0,0,0,0,0,1,1,0,0,0,Urban,1,0,0,0
158,Honduras,6,8,1,1,0,1,0,0,0,1,0,0,0,0,0,Rural,0,0,0,1
159,Honduras,NA,NA,0,0,0,0,0,0,0,0,0,0,0,NA,0,Rural,0,1,0,0
160,Honduras,6,9,1,0,0,1,0,0,1,0,0,1,0,0,0,Urban,1,1,1,0
161,Honduras,12,NA,1,1,1,1,0,1,0,0,1,0,1,1,1,Urban,0,0,0,0
162,Honduras,3,NA,1,1,0,1,0,0,0,0,1,0,0,1,0,Rural,0,0,0,0
163,Honduras,12,13,1,1,0,1,0,1,1,1,1,0,1,1,0,Rural,1,1,0,1
164,Honduras,0,3,1,1,0,1,1,0,0,1,0,0,0,1,0,Rural,0,0,0,0
165,Honduras,6,NA,0,0,0,0,0,0,0,0,1,0,0,NA,0,Urban,1,1,1,0
166,Honduras,6,14,1,1,0,1,0,0,0,0,1,1,0,1,0,Urban,0,0,0,0
167,Honduras,1,3,1,0,0,1,0,0,0,0,0,0,0,0,0,Rural,1,0,0,1
168,Honduras,1,3,1,1,0,1,0,0,0,0,0,1,0,1,0,Urban,0,0,1,0
169,Honduras,6,12,1,1,0,1,0,0,1,1,1,1,0,0,1,Urban,0,0,0,0
170,Honduras,6,0,1,1,1,0,0,0,0,0,1,1,0,0,0,Urban,0,0,0,0
171,Honduras,12,7,0,1,0,1,0,0,0,0,1,1,0,NA,0,Urban,1,0,0,0
172,Honduras,3,7,1,1,0,1,0,0,0,0,1,1,0,0,0,Rural,0,0,0,0
173,Honduras,12,7,1,1,0,1,0,1,1,1,1,1,1,1,1,Urban,0,0,0,0
174,Honduras,12,12,1,1,0,1,0,0,0,1,1,1,0,1,0,Urban,1,1,0,0
175,Honduras,2,NA,0,1,1,0,0,0,1,0,1,0,0,NA,0,Urban,0,1,1,0
176,Honduras,2,10,0,1,1,1,0,1,0,0,1,1,0,NA,1,Urban,1,1,0,0
177,Honduras,14,13,1,1,0,1,0,1,1,1,1,1,1,0,1,Urban,1,1,1,0
178,Honduras,2,11,1,1,0,0,0,0,0,1,1,0,0,0,0,Rural,0,0,0,0
179,Honduras,4,1,1,1,0,1,0,0,0,1,1,1,0,1,1,Urban,1,0,0,0
180,Honduras,4,6,1,1,0,1,0,0,0,0,0,0,0,0,0,Rural,0,0,0,0
181,Honduras,6,2,1,1,0,1,0,0,0,0,0,0,0,0,0,Rural,1,1,1,0
182,Honduras,6,10,1,1,0,0,0,0,0,0,1,1,0,1,0,Rural,1,1,0,0
183,Honduras,6,7,1,1,0,1,0,0,0,0,1,0,0,0,0,Urban,1,1,0,0
184,Honduras,5,1,0,0,0,1,0,0,0,0,0,0,0,NA,0,Rural,0,0,1,0
185,Honduras,6,NA,0,1,0,1,0,0,0,0,1,0,0,NA,0,Urban,0,0,0,0
186,Honduras,12,12,1,1,0,1,0,0,1,1,1,1,0,1,1,Urban,0,0,0,0
187,Honduras,17,15,1,1,1,1,3,0,1,1,1,0,1,1,1,Urban,0,0,0,0
188,Honduras,12,1,1,1,1,1,1,0,1,0,1,1,0,0,0,Urban,0,0,0,0
189,Honduras,6,1,1,1,0,1,0,0,0,1,1,1,0,0,1,Urban,0,0,0,0
190,Honduras,11,10,1,1,0,1,1,0,0,0,1,0,0,1,0,Urban,0,0,0,0
191,Honduras,12,5,1,1,0,1,0,0,0,0,1,0,0,0,1,Rural,0,0,0,1
192,Honduras,11,0,1,0,0,1,0,0,0,0,1,0,0,1,0,Rural,1,0,0,0
193,Honduras,NA,1,1,0,0,1,0,0,0,0,1,0,0,NA,0,Rural,0,0,1,0
194,Honduras,6,0,0,0,0,1,0,0,0,0,1,0,0,NA,0,Urban,1,0,0,1
195,Honduras,12,12,1,1,0,1,1,1,1,0,1,1,0,1,0,Rural,0,0,0,0
196,Honduras,12,14,1,1,1,1,0,1,1,1,1,1,0,1,0,Urban,1,0,0,0
197,Honduras,10,0,1,1,0,1,0,1,0,0,0,0,0,0,0,Rural,0,0,0,0
198,Honduras,12,3,1,1,0,1,0,0,0,0,1,1,0,0,0,Rural,0,0,0,0
199,Honduras,2,6,1,0,0,1,0,0,0,0,0,0,0,0,0,Rural,0,1,1,1
200,Honduras,18,15,1,1,1,1,1,1,1,0,1,1,1,1,1,Urban,1,0,0,1
201,Honduras,12,13,1,1,0,1,1,1,1,0,1,1,1,1,0,Urban,1,0,0,0
202,Honduras,6,14,1,1,1,1,0,0,0,1,0,0,0,0,1,Rural,0,1,0,0
203,Honduras,3,4,1,0,0,1,0,0,0,0,1,1,0,1,0,Rural,1,0,0,0
204,Honduras,17,11,1,1,1,0,0,1,1,0,1,1,0,0,0,Urban,0,0,0,0
205,Honduras,2,11,1,1,1,1,0,0,1,0,1,0,0,1,0,Urban,0,1,0,0
206,Honduras,6,NA,1,1,0,0,0,0,0,0,1,1,0,0,0,Urban,0,1,0,0
207,Honduras,4,NA,0,0,0,1,0,0,0,0,0,0,0,NA,0,Rural,0,1,0,0
208,Honduras,2,6,1,1,0,0,0,0,0,0,1,1,0,0,0,Rural,0,1,0,0
209,Honduras,6,15,1,1,0,1,1,0,0,1,1,1,0,1,1,Urban,1,0,0,0
210,Honduras,5,0,1,0,0,1,0,0,0,0,0,0,0,0,0,Rural,0,0,0,0
211,Honduras,6,3,1,1,1,1,0,0,0,0,0,0,0,1,0,Urban,0,1,0,0
212,Honduras,12,NA,1,1,0,1,1,0,0,0,1,1,1,1,1,Urban,1,0,0,0
213,Honduras,7,4,1,1,0,1,0,0,0,1,1,0,0,1,0,Rural,1,0,0,0
214,Honduras,3,NA,1,1,1,1,3,0,1,1,1,1,0,1,1,Urban,0,0,0,0
215,Honduras,12,10,1,0,0,1,1,1,1,1,1,0,1,1,0,Urban,0,0,0,0
216,Honduras,NA,1,1,1,0,1,1,1,1,1,1,1,0,1,0,Rural,0,0,0,0
217,Honduras,6,13,1,1,0,1,0,0,0,0,1,1,1,1,1,Urban,0,0,0,0
218,Honduras,4,0,1,1,0,1,0,0,0,1,0,0,1,0,0,Urban,0,0,0,0
219,Honduras,2,NA,0,1,0,1,0,0,0,0,1,1,0,NA,0,Urban,0,1,1,0
220,Honduras,6,NA,1,1,0,1,0,0,0,0,0,0,0,0,0,Rural,0,0,0,0
221,Honduras,12,0,1,1,0,1,0,0,0,0,1,0,0,0,0,Rural,0,0,0,0
222,Honduras,12,13,1,1,0,1,0,0,0,0,1,1,0,0,0,Rural,1,1,1,0
223,Honduras,14,NA,1,1,1,1,2,1,1,1,1,1,1,1,1,Rural,0,0,0,0
224,Honduras,6,0,1,1,0,1,0,0,0,0,1,0,0,1,1,Urban,0,1,0,0
225,Honduras,6,1,0,0,0,1,0,0,0,1,0,0,0,NA,0,Rural,1,1,1,0
226,Honduras,12,NA,1,0,0,1,0,0,0,0,1,0,0,1,0,Rural,0,0,0,0
227,Honduras,12,12,1,1,1,1,1,0,0,1,1,1,0,1,0,Urban,1,0,0,0
228,Honduras,12,12,1,1,0,1,0,1,1,0,1,1,0,1,1,Urban,1,0,0,0
229,Honduras,17,4,1,1,1,1,0,0,1,0,1,0,0,0,0,Urban,0,1,1,0
230,Honduras,12,5,1,1,0,1,1,0,0,1,1,0,0,0,0,Rural,1,0,0,0
231,Honduras,6,0,0,0,0,1,0,0,0,0,1,0,0,NA,0,Urban,0,0,0,0
232,Honduras,6,3,1,1,0,1,0,0,1,0,1,0,0,1,0,Rural,1,0,0,0
233,Honduras,6,7,1,0,0,1,0,0,0,0,0,0,0,1,0,Rural,0,1,1,0
234,Honduras,12,7,1,0,0,1,1,0,0,0,0,0,0,1,0,Rural,1,1,1,0
235,Honduras,6,0,0,0,0,1,0,0,0,0,0,0,0,NA,0,Rural,0,0,0,0
236,Honduras,9,0,1,0,0,0,0,0,0,0,1,0,0,1,0,Rural,0,1,1,0
237,Honduras,3,1,0,0,0,1,0,0,0,0,1,1,0,NA,0,Rural,0,0,0,1
238,Honduras,1,NA,0,1,0,1,0,0,0,0,1,1,0,NA,0,Rural,0,1,NA,1
239,Honduras,5,1,1,1,0,1,0,0,0,0,0,0,0,0,0,Urban,1,1,1,0
240,Honduras,4,0,1,1,0,1,0,0,0,0,0,0,0,1,0,Rural,0,1,0,0
241,Honduras,9,1,1,0,0,1,0,0,0,0,1,0,0,1,0,Urban,0,0,0,0
242,Honduras,7,2,1,1,0,1,0,0,0,1,1,1,0,0,0,Urban,0,0,0,0
243,Honduras,6,0,0,0,0,1,0,0,0,0,1,1,0,NA,0,Urban,0,1,0,0
244,Honduras,16,5,0,1,0,1,0,0,1,0,1,0,0,NA,1,Urban,1,0,0,0
245,Honduras,9,10,1,1,1,1,0,1,1,1,1,1,1,1,1,Urban,0,0,0,0
246,Honduras,9,12,1,1,0,1,0,0,0,1,1,0,0,0,0,Rural,1,0,0,0
247,Honduras,12,14,1,1,0,1,0,0,0,1,1,0,0,1,0,Rural,1,0,0,0
248,Honduras,12,1,1,1,1,1,0,0,0,0,1,1,0,1,0,Rural,1,1,1,0
249,Honduras,1,0,1,1,0,1,0,0,0,0,1,1,0,0,0,Urban,1,1,1,0
250,Honduras,6,3,1,1,0,1,0,0,0,0,0,0,0,1,0,Rural,1,0,0,0
251,Honduras,NA,NA,1,1,0,1,0,0,0,0,1,1,0,1,0,Rural,0,1,1,0
252,Honduras,6,0,0,0,0,0,0,0,1,0,1,0,0,NA,0,Urban,1,0,0,0
253,Honduras,4,0,1,1,0,1,0,0,1,0,1,1,0,1,0,Rural,0,0,0,0
254,Honduras,12,NA,0,0,1,1,0,0,0,0,1,0,0,NA,0,Rural,1,0,1,0
255,Honduras,11,13,1,1,0,1,3,1,1,1,1,1,1,0,1,Rural,0,0,0,0
256,Honduras,8,0,0,0,0,1,0,0,0,0,0,1,0,NA,0,Rural,0,1,1,0
257,Honduras,11,11,1,1,0,1,1,1,1,1,1,1,0,1,1,Urban,1,0,0,0
258,Honduras,3,NA,1,1,0,1,0,0,0,0,0,0,0,0,0,Rural,NA,1,1,0
259,Honduras,3,9,1,0,0,1,0,0,0,0,1,0,1,0,0,Urban,1,1,0,0
260,Honduras,9,2,1,1,0,1,1,1,1,0,1,0,0,1,1,Urban,1,0,0,0
261,Honduras,9,9,1,1,0,1,2,0,0,0,1,0,1,0,1,Rural,0,0,0,0
262,Honduras,5,5,1,0,0,1,0,0,0,0,1,1,0,0,0,Rural,1,1,1,0
263,Honduras,15,3,1,1,0,1,0,0,0,0,1,1,0,0,0,Rural,0,0,0,0
264,Honduras,6,6,1,1,0,1,0,0,0,0,1,0,0,1,0,Urban,0,0,0,0
265,Honduras,9,0,0,0,0,0,0,0,0,0,1,1,0,NA,0,Urban,0,0,0,0
266,Honduras,5,14,1,1,0,1,0,0,0,0,1,1,0,1,1,Urban,0,0,0,0
267,Honduras,12,2,1,1,0,1,0,0,0,0,0,0,0,1,0,Urban,1,0,0,0
268,Honduras,4,3,1,1,0,1,0,0,1,0,1,0,0,0,0,Urban,0,1,1,0
269,Honduras,10,12,1,1,0,1,0,1,1,0,1,1,1,1,1,Urban,0,0,0,0
270,Honduras,12,NA,1,1,0,1,0,0,1,0,1,1,0,1,1,Urban,1,0,0,0
271,Honduras,17,15,1,1,0,1,0,1,1,0,1,1,1,1,1,Urban,1,0,0,0
272,Honduras,6,7,1,1,0,1,0,0,0,0,1,1,0,0,0,Urban,1,1,1,0
273,Honduras,9,9,1,1,0,1,0,0,0,0,1,0,0,0,0,Urban,0,1,1,0
274,Honduras,9,14,1,1,0,1,0,1,1,0,1,1,0,1,1,Urban,0,0,0,0
275,Honduras,0,4,1,1,0,1,1,0,0,1,1,1,0,0,0,Rural,1,1,0,0
276,Honduras,4,1,1,0,0,0,0,0,0,0,0,0,0,0,0,Rural,1,1,0,0
277,Honduras,6,NA,1,0,0,1,1,1,0,0,1,1,0,1,0,Rural,0,0,0,0
278,Honduras,0,NA,1,1,0,1,0,0,0,0,1,1,0,0,0,Rural,1,1,0,0
279,Honduras,4,5,1,1,0,1,0,0,0,0,1,1,0,0,0,Urban,1,0,1,0
280,Honduras,3,NA,1,1,1,1,0,1,0,0,1,1,0,1,1,Rural,0,0,0,0
281,Honduras,3,3,0,1,0,1,0,0,0,0,1,0,0,NA,0,Rural,0,1,1,0
282,Honduras,1,NA,1,1,0,1,0,0,1,0,1,1,0,1,0,Urban,0,0,0,0
283,Honduras,6,7,0,1,0,1,0,0,0,0,1,0,0,NA,0,Rural,0,1,1,0
284,Honduras,5,10,1,1,0,1,0,0,1,1,1,1,0,1,1,Urban,1,0,0,0
285,Honduras,1,NA,0,1,0,0,0,0,0,0,0,0,0,NA,0,Urban,1,1,1,0
286,Honduras,11,4,1,1,0,0,0,0,0,0,0,0,0,0,0,Urban,1,0,0,0
287,Honduras,12,11,1,1,0,1,0,1,0,0,1,1,0,1,1,Urban,1,0,0,0
288,Honduras,6,0,0,0,0,0,0,0,0,0,0,0,0,NA,0,Rural,0,0,0,0
289,Honduras,9,8,1,1,0,1,0,0,1,1,1,1,0,0,0,Urban,0,1,1,0
290,Honduras,2,1,0,1,0,1,0,0,0,0,0,0,0,NA,0,Rural,1,0,0,0
291,Honduras,2,4,1,0,0,0,0,0,0,0,0,0,0,0,0,Rural,1,1,1,0
292,Honduras,6,9,1,1,0,1,0,1,1,0,1,0,1,0,1,Urban,1,1,0,0
293,Honduras,9,14,1,1,1,1,0,0,1,1,1,1,1,1,1,Urban,0,0,0,0
294,Honduras,6,12,1,1,0,1,0,0,1,0,1,0,1,1,1,Urban,0,0,0,0
295,Honduras,0,NA,1,1,0,1,1,0,1,0,0,1,0,1,0,Urban,0,1,0,0
296,Honduras,6,NA,1,0,0,0,0,0,0,0,0,0,0,0,0,Urban,0,1,1,0
297,Honduras,6,14,1,1,0,1,0,1,1,0,1,1,1,1,1,Rural,0,0,0,0
298,Honduras,0,NA,1,1,0,1,0,0,0,0,1,0,0,1,0,Rural,1,1,0,0
299,Honduras,6,10,1,0,0,1,0,0,0,0,1,1,0,0,0,Urban,1,1,0,0
300,Honduras,NA,8,1,1,1,1,0,0,1,0,1,1,1,0,0,Urban,0,0,0,0
301,Honduras,9,2,1,1,0,1,0,0,1,0,1,1,0,0,0,Urban,1,1,1,1
302,Honduras,12,14,1,1,0,1,0,0,1,1,1,1,0,0,1,Urban,1,0,0,0
303,Honduras,12,0,1,1,0,1,0,0,1,1,0,1,1,1,1,Rural,1,0,0,0
304,Honduras,6,0,1,1,0,1,0,0,0,0,1,1,0,1,0,Rural,1,1,1,0
305,Honduras,1,7,1,1,0,1,0,0,0,0,1,0,0,0,0,Rural,0,1,1,0
306,Honduras,6,2,1,1,0,1,0,0,0,0,0,0,0,0,0,Rural,1,1,1,0
307,Honduras,11,7,1,0,0,0,0,0,0,0,0,1,0,0,0,Urban,1,1,1,0
308,Honduras,6,0,0,1,0,0,0,0,0,0,1,0,0,NA,0,Urban,0,1,1,0
309,Honduras,6,6,1,1,0,1,0,0,1,1,1,1,1,1,0,Urban,1,0,0,0
310,Honduras,6,11,1,1,0,0,0,1,0,0,1,1,0,0,0,Urban,1,1,1,0
311,Honduras,6,1,1,1,0,1,0,0,0,1,1,0,0,0,0,Urban,1,1,1,0
312,Honduras,3,6,1,1,0,1,0,0,0,0,1,0,0,1,0,Rural,0,0,0,0
313,Honduras,11,4,1,1,0,1,1,0,1,0,1,1,1,1,0,Urban,0,0,1,0
314,Honduras,5,10,0,0,0,0,0,0,0,0,1,1,0,NA,0,Rural,0,0,1,0
315,Honduras,12,1,1,1,0,1,1,0,0,0,1,0,0,1,0,Rural,0,0,0,0
316,Honduras,12,14,1,1,0,1,1,0,1,0,1,1,1,1,0,Urban,0,0,0,0
317,Honduras,3,NA,0,1,0,0,0,0,0,0,1,0,0,NA,0,Urban,0,1,1,0
318,Honduras,13,15,1,1,1,1,1,1,1,0,1,1,0,1,1,Urban,0,0,0,0
319,Honduras,8,7,1,0,0,1,0,0,1,0,1,0,0,1,0,Urban,0,1,1,0
320,Honduras,12,10,1,1,0,1,0,0,1,0,1,0,0,0,1,Urban,0,0,1,0
321,Honduras,12,2,0,1,0,1,0,0,0,0,1,0,0,NA,0,Urban,1,1,1,0
322,Honduras,11,7,1,1,0,1,0,1,0,0,1,1,0,0,1,Urban,1,0,0,0
323,Honduras,6,3,1,0,0,1,0,0,0,0,0,1,0,0,0,Urban,0,1,1,0
324,Honduras,6,2,1,1,0,1,1,0,1,0,1,1,1,1,0,Urban,0,0,1,0
325,Honduras,6,10,1,1,0,1,0,0,1,0,1,1,0,1,1,Rural,0,1,0,0
326,Honduras,NA,0,0,0,0,0,0,0,0,0,0,0,0,NA,0,Rural,0,0,0,0
327,Honduras,6,NA,1,1,0,1,1,1,0,0,1,1,0,1,0,Rural,0,0,0,0
328,Honduras,6,10,1,1,0,1,1,1,1,0,1,1,0,1,1,Urban,0,0,0,0
329,Honduras,12,NA,1,1,0,1,0,0,1,0,1,0,0,1,0,Rural,0,0,0,0
330,Honduras,16,14,1,1,1,1,1,1,0,1,1,1,1,1,1,Urban,1,0,0,0
331,Honduras,12,NA,1,1,0,1,0,0,0,1,1,1,0,0,0,Rural,0,0,0,0
332,Honduras,6,0,0,0,0,0,0,0,0,0,0,0,0,NA,0,Rural,0,1,0,0
333,Honduras,6,NA,1,0,0,1,0,0,0,0,1,0,0,1,0,Rural,0,0,1,0
334,Honduras,12,1,1,1,0,1,0,0,0,0,1,0,1,1,1,Urban,0,1,0,0
335,Honduras,3,NA,1,1,0,1,0,0,0,0,1,0,0,0,0,Urban,1,1,1,0
336,Honduras,6,7,0,0,0,1,1,0,0,0,1,0,0,NA,0,Rural,1,0,0,0
337,Honduras,12,11,1,1,1,1,0,1,1,1,1,0,0,1,1,Urban,0,0,0,0
338,Honduras,12,7,1,1,0,1,0,0,0,1,1,1,1,1,1,Urban,0,0,0,0
339,Honduras,11,10,1,1,0,1,0,0,0,1,0,0,0,1,0,Rural,0,0,0,0
340,Honduras,16,11,1,1,0,1,0,1,1,0,1,1,0,1,1,Urban,1,1,1,0
341,Honduras,9,6,1,1,0,1,1,1,0,0,0,1,1,1,0,Urban,0,0,0,0
342,Honduras,3,NA,0,0,0,1,0,0,0,0,1,0,0,NA,0,Urban,0,0,0,0
343,Honduras,6,11,1,1,0,1,0,0,0,1,0,0,0,1,0,Rural,1,1,0,0
344,Honduras,7,11,1,0,0,1,0,0,0,0,0,0,0,0,0,Urban,0,0,0,0
345,Honduras,0,4,1,1,0,1,0,0,0,0,0,0,0,0,0,Rural,0,1,1,0
346,Honduras,9,NA,1,1,0,1,0,0,0,0,0,1,1,1,1,Urban,1,0,0,0
347,Honduras,12,12,1,1,1,1,0,1,1,0,1,1,1,1,1,Urban,1,1,1,0
348,Honduras,13,12,1,1,0,1,0,0,1,0,1,1,1,1,1,Urban,0,0,0,0
349,Honduras,6,NA,1,0,0,1,0,0,0,1,1,1,0,1,0,Rural,1,0,0,0
350,Honduras,12,12,1,1,0,1,1,0,0,1,1,1,0,1,0,Urban,0,0,0,0
351,Honduras,12,9,1,1,0,1,0,1,0,0,1,1,0,1,0,Urban,0,1,1,0
352,Honduras,12,0,0,0,0,1,0,0,0,0,1,1,0,NA,0,Rural,1,1,1,0
353,Honduras,6,3,0,0,0,1,0,0,0,0,0,1,0,NA,0,Rural,1,0,0,0
354,Honduras,12,14,1,1,0,1,1,0,1,1,1,0,0,1,0,Rural,0,0,0,0
355,Honduras,18,10,1,1,0,1,1,1,1,0,0,1,0,0,0,Urban,1,1,0,0
356,Honduras,6,0,0,0,0,1,0,0,0,0,0,0,0,NA,0,Rural,0,0,0,0
357,Honduras,6,7,1,1,0,0,2,0,1,1,1,1,0,0,0,Rural,1,0,0,0
358,Honduras,11,0,1,1,0,1,3,1,0,1,1,1,1,1,1,Rural,0,1,0,0
359,Honduras,15,14,1,1,1,1,1,1,1,0,1,1,0,1,0,Rural,0,0,0,0
360,Honduras,7,0,1,1,0,1,0,0,1,0,1,1,1,0,1,Urban,0,0,0,0
361,Honduras,17,10,1,1,0,1,0,0,1,0,1,1,0,1,0,Urban,0,1,1,0
362,Honduras,12,1,1,1,0,1,1,0,0,0,1,1,1,1,0,Rural,1,1,0,0
363,Honduras,15,NA,1,1,0,1,0,1,1,0,1,1,1,1,1,Rural,0,0,0,0
364,Honduras,2,1,1,1,0,1,0,0,0,1,1,1,0,0,0,Urban,0,1,1,0
365,Honduras,2,6,0,0,0,1,0,0,0,0,1,1,0,NA,0,Urban,0,1,1,0
366,Honduras,6,2,1,1,0,1,1,0,0,0,1,0,0,0,1,Rural,0,0,0,0
367,Honduras,5,2,1,1,0,0,0,0,0,0,1,0,0,1,0,Rural,0,1,1,0
368,Honduras,12,NA,1,1,0,1,0,0,0,0,1,0,0,0,0,Urban,0,0,0,0
369,Honduras,12,13,1,1,0,1,0,0,1,1,1,1,0,0,1,Urban,0,0,0,1
370,Honduras,6,7,1,1,0,1,0,0,0,0,1,1,0,1,0,Rural,1,1,1,0
371,Honduras,6,14,1,1,0,1,0,1,1,0,1,1,1,1,0,Rural,1,0,1,0
372,Honduras,2,4,1,1,0,1,0,0,0,0,0,0,0,0,0,Urban,1,1,1,0
373,Honduras,6,4,1,1,0,1,0,0,1,0,1,1,0,0,1,Urban,0,0,0,0
374,Honduras,12,4,1,1,1,0,0,1,1,0,1,1,0,1,0,Urban,0,1,1,0
375,Honduras,10,12,1,1,1,0,0,0,1,1,1,1,1,1,1,Urban,1,0,0,0
376,Honduras,12,14,1,1,0,1,0,1,1,0,1,1,1,1,0,Rural,1,1,0,0
377,Honduras,2,11,1,1,0,1,0,0,0,1,1,0,0,0,0,Rural,0,0,0,0
378,Honduras,3,1,0,0,0,1,0,0,0,0,0,0,0,NA,0,Rural,1,1,0,0
379,Honduras,2,8,0,0,0,1,0,0,0,1,0,1,0,NA,0,Urban,0,0,0,1
380,Honduras,12,5,1,0,0,1,0,0,0,0,1,1,0,1,0,Rural,0,0,0,0
381,Honduras,0,NA,0,1,1,0,0,1,0,0,1,1,0,NA,1,Rural,0,0,0,0
382,Honduras,11,13,1,1,0,1,1,0,1,1,1,1,1,1,0,Urban,0,0,1,0
383,Honduras,12,6,1,1,0,1,0,0,0,0,1,0,1,1,0,Rural,1,1,0,0
384,Honduras,12,NA,1,1,0,1,0,1,0,0,1,1,0,0,1,Rural,1,0,0,0
385,Honduras,6,NA,1,1,0,1,0,0,0,0,0,0,0,0,0,Urban,1,1,1,0
386,Honduras,5,6,1,0,0,0,0,0,0,0,1,1,0,1,0,Urban,0,0,0,0
387,Honduras,5,3,0,0,0,1,0,0,0,0,0,0,0,NA,0,Rural,1,0,0,0
388,Honduras,6,0,1,1,1,0,0,0,0,0,1,1,0,1,0,Urban,0,0,0,0
389,Honduras,6,NA,1,0,0,1,0,0,0,0,1,1,0,0,0,Rural,1,0,0,0
390,Honduras,NA,1,1,1,0,1,0,0,1,0,1,0,0,1,0,Rural,0,0,0,0
391,Honduras,7,10,1,1,0,1,0,0,1,0,1,1,0,1,0,Rural,0,1,0,0
392,Honduras,5,NA,1,1,0,1,0,0,0,0,1,1,0,0,0,Rural,1,1,1,0
393,Honduras,8,1,0,0,0,0,0,0,0,0,0,0,0,NA,0,Rural,0,1,0,0
394,Honduras,4,3,1,0,0,1,0,0,0,0,1,1,0,0,0,Urban,1,1,1,0
395,Honduras,12,13,1,1,0,1,0,1,0,1,1,1,0,1,0,Rural,0,0,0,0
396,Honduras,2,NA,1,0,0,0,0,0,0,0,1,1,0,0,0,Urban,0,0,1,0
397,Honduras,3,4,1,0,0,0,0,0,0,0,1,0,0,1,0,Urban,0,0,0,1
398,Honduras,2,0,0,0,0,1,0,0,0,1,1,0,0,NA,0,Rural,0,0,0,0
399,Honduras,6,1,0,1,0,1,0,0,0,1,0,1,0,NA,0,Rural,1,0,0,0
400,Honduras,13,0,1,1,1,1,0,0,1,0,1,0,0,1,0,Urban,0,0,0,0
401,Honduras,12,2,1,1,0,1,1,1,1,1,1,1,0,0,0,Urban,0,0,0,0
402,Honduras,0,4,0,0,0,1,0,0,0,0,0,0,0,NA,0,Urban,0,1,1,0
403,Honduras,6,7,1,1,0,1,0,0,0,1,0,1,0,1,0,Rural,0,0,0,0
404,Honduras,3,NA,1,1,0,1,0,0,0,0,1,0,0,1,0,Rural,0,0,0,0
405,Honduras,5,0,1,0,0,1,1,0,0,0,0,0,0,1,0,Rural,1,1,1,1
406,Honduras,6,4,0,0,0,0,0,0,0,0,1,0,0,NA,0,Rural,1,1,1,0
407,Honduras,NA,NA,1,1,1,1,1,1,1,0,1,1,0,1,0,Rural,NA,0,0,0
408,Honduras,3,7,1,1,1,1,0,1,1,0,1,0,0,0,1,Urban,0,0,0,0
409,Honduras,6,1,1,1,0,1,0,0,0,0,1,0,0,1,0,Urban,0,1,0,0
410,Honduras,12,0,1,1,1,1,0,0,0,1,1,1,0,1,0,Urban,1,1,1,0
411,Honduras,11,12,1,1,0,1,1,0,1,1,1,1,0,1,0,Urban,1,0,0,0
412,Honduras,6,2,1,1,0,1,1,0,0,1,1,0,0,0,0,Rural,0,1,1,0
413,Honduras,NA,NA,1,1,0,1,0,1,0,0,1,1,0,NA,0,Rural,0,0,0,1
414,Honduras,3,1,1,0,0,1,0,0,0,0,0,1,0,1,0,Rural,0,0,0,0
415,Honduras,9,10,1,1,0,1,0,0,1,1,1,1,0,1,0,Rural,1,1,1,0
416,Honduras,9,10,1,1,0,1,1,0,1,0,1,1,0,0,0,Rural,1,0,0,0
417,Honduras,3,4,0,0,0,0,0,0,0,0,0,0,0,NA,0,Rural,1,0,0,0
418,Honduras,5,3,0,1,0,1,0,0,0,0,1,1,0,NA,0,Rural,0,0,0,0
419,Honduras,12,8,1,1,0,1,0,0,0,0,1,1,0,0,0,Rural,1,0,0,0
420,Honduras,12,10,1,1,0,1,0,0,0,0,1,1,0,1,0,Urban,0,0,0,0
421,Honduras,12,10,1,1,1,1,1,0,0,1,1,1,1,1,0,Rural,0,0,0,0
422,Honduras,6,7,1,1,0,0,0,0,1,1,0,0,0,0,0,Rural,1,0,0,0
423,Honduras,6,4,0,0,0,1,0,0,0,1,0,0,0,NA,0,Rural,0,1,0,0
424,Honduras,8,0,1,1,0,1,0,0,1,0,1,1,0,0,0,Rural,0,0,0,0
425,Honduras,0,4,0,0,0,1,0,0,0,0,1,0,0,NA,0,Rural,0,0,0,0
426,Honduras,NA,0,0,0,0,1,0,0,0,0,0,0,0,NA,0,Rural,1,1,1,0
427,Honduras,6,15,1,1,0,1,0,0,1,0,0,1,0,1,1,Urban,0,1,0,0
428,Honduras,6,0,0,0,0,1,0,0,0,0,0,0,0,NA,0,Rural,0,1,1,0
429,Honduras,12,NA,1,1,0,1,0,0,1,0,1,1,0,1,0,Urban,1,0,0,0
430,Honduras,3,11,1,1,0,1,0,0,0,0,1,1,0,1,0,Urban,1,0,1,0
431,Honduras,6,9,1,1,0,1,0,1,0,0,1,0,1,0,0,Urban,0,0,0,0
432,Honduras,0,8,1,1,0,1,0,0,1,0,1,1,0,0,0,Urban,0,0,0,0
433,Honduras,12,NA,1,1,0,1,1,0,1,0,1,1,0,1,0,Rural,0,0,0,0
434,Honduras,12,10,1,1,0,1,0,0,0,0,1,1,0,0,0,Urban,0,1,0,0
435,Honduras,2,NA,1,1,0,1,0,0,0,0,0,0,0,0,0,Rural,0,1,1,1
436,Honduras,6,4,1,1,0,1,0,0,0,0,0,1,0,0,0,Urban,0,0,0,0
437,Honduras,6,7,1,1,0,1,0,0,0,1,0,0,0,0,0,Rural,0,0,0,0
438,Honduras,5,14,1,0,0,1,0,1,1,0,1,1,0,1,1,Urban,1,1,1,0
439,Honduras,16,13,1,1,1,1,2,1,1,0,1,1,1,0,1,Urban,0,0,0,0
440,Honduras,12,14,1,1,0,1,0,1,1,0,1,0,1,1,0,Urban,1,0,0,0
441,Honduras,4,14,1,1,1,1,1,1,1,0,1,1,0,0,0,Urban,0,0,0,0
442,Honduras,6,3,1,1,0,1,0,0,0,0,0,0,0,0,0,Rural,1,1,1,0
443,Honduras,11,11,1,1,0,1,0,1,1,0,1,1,0,1,1,Urban,0,0,0,0
444,Honduras,6,1,1,0,0,1,0,0,0,0,1,1,0,1,0,Urban,0,0,0,0
445,Honduras,6,2,1,1,0,1,1,0,0,0,1,1,0,1,0,Rural,1,0,0,0
446,Honduras,12,12,1,1,0,1,0,1,1,0,1,1,0,1,1,Urban,0,0,0,0
447,Honduras,6,12,1,1,0,1,0,0,0,1,1,1,0,1,0,Rural,1,1,1,0
448,Honduras,12,3,1,1,0,1,0,0,0,0,1,1,0,1,1,Urban,0,0,0,0
449,Honduras,12,0,1,1,0,1,1,1,1,0,1,1,0,1,1,Urban,1,0,0,0
450,Honduras,15,15,1,1,1,1,2,1,1,0,1,1,1,1,1,Urban,0,0,0,0
451,Honduras,11,NA,1,1,1,1,0,0,0,0,1,1,0,0,0,Rural,0,1,1,0
452,Honduras,12,0,0,0,0,1,0,0,0,0,1,0,0,NA,0,Rural,1,1,1,0
453,Honduras,12,3,1,1,0,1,0,0,1,0,1,1,0,1,0,Urban,0,1,1,0
454,Honduras,12,6,1,1,0,1,0,1,1,1,1,1,1,1,1,Rural,1,0,0,0
455,Honduras,3,7,1,1,0,1,0,0,0,1,1,1,0,0,0,Urban,0,0,0,0
456,Honduras,6,3,1,1,0,1,0,0,0,0,0,0,0,0,0,Urban,0,1,0,1
457,Honduras,12,6,1,1,0,0,2,0,0,0,1,1,0,1,0,Urban,0,0,0,0
458,Honduras,14,14,1,1,0,1,1,1,1,0,1,1,1,0,1,Urban,1,0,0,0
459,Honduras,3,1,1,1,0,1,0,0,0,0,0,0,0,1,0,Rural,0,1,1,0
460,Honduras,12,NA,1,1,0,1,0,0,0,0,1,1,0,1,1,Urban,0,0,0,0
461,Honduras,0,0,1,1,0,1,0,0,0,0,1,0,0,1,0,Urban,0,1,1,0
462,Honduras,12,9,0,0,0,1,0,0,0,1,0,1,0,NA,0,Urban,1,1,1,0
463,Honduras,12,NA,1,1,0,1,0,1,0,0,0,1,1,0,0,Urban,1,1,0,0
464,Honduras,8,7,1,1,0,1,0,0,0,0,1,0,1,0,0,Rural,0,0,0,0
465,Honduras,15,14,1,1,1,1,2,1,1,1,1,1,1,1,1,Urban,1,0,0,0
466,Honduras,7,5,1,1,0,1,1,0,1,0,1,1,1,1,1,Urban,1,1,1,0
467,Honduras,6,1,1,1,0,0,0,0,1,0,1,0,0,0,0,Urban,1,1,1,0
468,Honduras,4,2,1,0,0,1,0,0,0,0,1,1,0,1,0,Rural,1,1,1,0
469,Honduras,9,NA,1,1,1,1,3,1,0,0,1,1,1,0,0,Urban,0,1,1,0
470,Honduras,12,11,1,1,0,1,0,0,0,0,1,0,0,0,0,Rural,0,0,0,0
471,Honduras,9,7,1,1,0,1,0,0,0,0,1,1,1,1,1,Urban,0,0,0,0
472,Honduras,0,3,1,0,0,1,0,0,0,0,1,1,0,0,0,Urban,0,0,1,1
473,Honduras,12,9,1,1,0,1,0,0,1,0,1,1,0,1,0,Urban,1,0,0,0
474,Honduras,8,3,1,0,0,1,0,0,0,0,0,0,1,1,1,Urban,1,0,0,0
475,Honduras,17,12,1,1,1,1,1,1,1,0,1,1,1,1,1,Urban,0,0,0,0
476,Honduras,NA,1,1,1,0,1,0,0,0,0,1,0,0,0,0,Rural,1,0,0,0
477,Honduras,3,4,1,1,1,1,0,1,0,1,1,1,0,0,0,Rural,0,0,0,0
478,Honduras,6,12,1,1,1,1,1,0,1,1,1,1,0,1,0,Urban,0,0,0,0
479,Honduras,6,8,1,1,0,1,1,0,0,0,1,1,1,1,0,Urban,0,1,0,0
480,Honduras,12,14,1,1,1,1,2,1,1,0,1,1,1,1,1,Urban,1,0,0,0
481,Honduras,9,10,1,1,0,1,1,0,0,0,1,1,0,1,0,Urban,1,0,0,0
482,Honduras,6,4,1,1,1,1,0,0,1,0,1,1,0,0,0,Urban,1,0,1,0
483,Honduras,12,12,1,1,0,1,1,1,0,1,1,1,1,1,1,Urban,1,0,0,0
484,Honduras,0,0,0,0,0,0,0,0,0,0,0,0,0,NA,0,Rural,1,1,0,0
485,Honduras,6,NA,1,1,0,1,0,0,0,0,1,1,0,0,0,Rural,0,0,0,0
486,Honduras,0,3,1,1,0,1,0,0,0,0,1,1,0,1,0,Rural,0,1,1,0
487,Honduras,2,5,1,1,0,1,2,0,0,1,1,1,0,1,0,Urban,1,0,0,0
488,Honduras,0,NA,0,0,0,1,0,0,0,0,0,0,0,NA,0,Rural,0,1,0,0
489,Honduras,12,6,1,1,0,1,0,0,1,0,1,1,0,1,0,Urban,1,1,1,0
490,Honduras,4,NA,0,0,0,1,0,0,0,0,1,0,0,NA,0,Rural,1,0,0,0
491,Honduras,2,3,1,1,0,0,0,0,0,0,1,0,0,0,0,Urban,0,0,0,0
492,Honduras,0,0,1,1,0,1,0,0,0,0,1,0,0,1,0,Urban,0,1,0,0
493,Honduras,12,1,1,1,0,1,0,0,1,1,0,0,0,0,0,Rural,0,1,0,0
494,Honduras,12,2,1,1,0,1,0,1,1,1,1,1,1,1,1,Rural,0,1,1,0
495,Honduras,16,14,1,1,0,1,0,1,0,0,1,1,1,1,1,Urban,0,1,NA,0
496,Honduras,12,12,1,1,0,1,0,1,1,1,1,1,0,0,0,Urban,NA,0,0,0
497,Honduras,6,7,1,1,0,1,0,0,0,0,1,1,0,0,0,Rural,0,0,0,0
498,Honduras,4,0,1,1,0,1,0,1,0,1,1,0,0,1,0,Rural,0,1,0,0
499,Honduras,6,12,0,0,0,1,1,0,0,1,1,0,0,NA,0,Rural,0,1,0,0
500,Honduras,9,NA,1,1,0,1,0,0,1,0,1,0,0,1,1,Rural,1,0,0,0
501,Honduras,6,NA,1,1,0,1,0,0,1,1,1,1,0,1,0,Urban,1,0,0,0
502,Honduras,6,NA,1,1,0,1,0,1,0,0,1,1,1,1,0,Urban,1,0,0,0
503,Honduras,6,0,1,0,0,0,0,0,0,0,1,0,0,0,0,Rural,0,1,0,0
504,Honduras,6,9,1,1,0,1,0,0,0,1,0,0,0,0,0,Rural,0,0,0,0
505,Honduras,2,12,1,1,0,1,0,1,0,0,1,1,1,0,1,Rural,0,0,0,0
506,Honduras,11,14,1,1,0,1,3,1,1,1,1,1,1,1,0,Rural,0,0,0,0
507,Honduras,4,1,1,0,0,0,0,0,0,0,0,0,0,1,0,Rural,1,1,0,0
508,Honduras,9,0,0,1,0,0,0,0,0,0,1,1,0,NA,0,Rural,0,0,0,0
509,Honduras,4,3,1,1,0,1,0,0,0,1,0,0,0,1,0,Rural,1,0,0,1
510,Honduras,3,9,1,1,0,1,0,0,0,1,1,1,1,0,0,Rural,0,0,0,0
511,Honduras,12,13,1,1,1,1,1,1,1,0,1,1,0,1,1,Urban,1,0,0,0
512,Honduras,2,0,1,1,0,1,0,0,0,0,1,1,0,0,0,Urban,0,0,0,0
513,Honduras,NA,NA,0,1,0,0,0,0,0,1,1,1,0,NA,0,Rural,0,1,0,0
514,Honduras,7,0,1,1,0,1,1,0,0,1,1,0,NA,1,1,Urban,0,0,1,0
515,Honduras,6,9,1,1,0,1,0,0,1,1,1,1,0,1,1,Urban,1,0,0,0
516,Honduras,9,7,1,1,0,1,1,0,0,1,1,1,0,0,0,Urban,0,0,0,0
517,Honduras,3,0,0,0,0,0,0,0,0,0,0,0,0,NA,0,Rural,0,1,1,0
518,Honduras,6,NA,1,1,0,1,1,1,1,0,1,NA,1,1,0,Rural,0,0,0,0
519,Honduras,6,3,1,1,0,0,0,0,0,1,1,1,1,1,0,Urban,1,0,0,0
520,Honduras,9,3,1,1,0,1,1,0,1,0,1,1,0,1,0,Rural,0,0,0,0
521,Honduras,11,12,1,1,0,1,0,0,0,1,0,1,0,1,0,Rural,0,0,0,0
522,Honduras,14,14,1,1,1,1,1,1,1,0,1,0,0,1,0,Urban,0,0,0,0
523,Honduras,1,1,1,1,0,1,1,0,0,0,1,1,0,1,0,Urban,0,0,0,0
524,Honduras,0,3,1,1,0,1,0,0,1,0,1,0,0,1,0,Rural,0,0,1,0
525,Honduras,6,NA,0,0,0,1,0,0,0,1,0,0,0,NA,0,Rural,0,0,0,0
526,Honduras,12,13,1,1,1,1,1,1,1,1,1,1,0,1,1,Urban,1,0,0,0
527,Honduras,12,NA,1,1,0,1,1,0,1,0,1,0,0,1,0,Urban,1,0,0,0
528,Honduras,6,14,1,1,0,1,0,0,0,1,1,1,0,0,1,Urban,0,1,0,1
529,Honduras,12,6,1,1,0,0,0,0,0,0,1,1,0,0,0,Urban,0,0,0,0
530,Honduras,18,14,1,1,0,1,0,1,0,0,1,1,1,1,1,Urban,1,1,0,0
531,Honduras,12,NA,1,1,1,1,1,1,1,0,1,1,0,1,1,Urban,0,0,0,0
532,Honduras,6,14,1,0,0,1,0,0,0,0,0,0,1,1,0,Rural,0,1,1,0
533,Honduras,5,6,1,1,0,1,0,1,0,0,1,1,0,0,0,Urban,1,1,0,0
534,Honduras,9,0,1,0,0,1,0,0,0,0,0,1,0,1,0,Urban,1,1,1,0
535,Honduras,2,NA,0,0,0,1,0,0,0,0,0,0,0,NA,0,Rural,0,1,0,1
536,Honduras,3,0,1,1,0,1,0,0,0,0,1,1,0,0,0,Urban,0,0,0,0
537,Honduras,6,10,1,0,0,1,0,0,0,1,1,0,0,1,0,Rural,0,0,0,0
538,Honduras,0,NA,0,0,0,0,0,0,0,0,0,0,0,NA,0,Rural,0,0,0,0
539,Honduras,5,0,0,0,0,1,0,0,0,0,1,0,0,NA,0,Urban,0,1,1,0
540,Honduras,0,NA,1,1,1,1,0,0,0,0,1,1,0,0,0,Urban,0,0,0,1
541,Honduras,9,10,1,1,0,1,0,0,1,1,0,0,1,1,0,Urban,0,1,0,0
542,Honduras,2,NA,1,1,0,1,0,0,0,1,1,1,0,1,1,Rural,1,1,1,0
543,Honduras,6,12,1,1,0,1,0,1,1,0,1,1,0,1,0,Urban,1,1,1,0
544,Honduras,3,9,1,1,0,1,0,0,0,0,0,0,0,1,0,Rural,0,0,0,0
545,Honduras,12,14,1,1,1,1,1,1,1,0,1,1,1,1,1,Urban,1,0,0,0
546,Honduras,2,3,1,1,0,1,0,0,0,0,1,1,0,1,0,Urban,0,1,0,0
547,Honduras,9,NA,1,1,0,1,0,0,0,0,1,0,0,0,0,Rural,0,0,0,0
548,Honduras,3,1,1,1,1,1,0,0,0,1,1,1,0,1,0,Rural,0,0,0,0
549,Honduras,12,8,1,1,0,1,NA,1,1,1,1,1,1,1,1,Urban,1,1,1,0
550,Honduras,6,1,1,1,1,1,1,0,0,0,0,0,0,0,1,Rural,0,0,0,0
551,Honduras,5,0,1,1,0,0,0,0,0,0,0,1,0,0,0,Rural,0,1,0,0
552,Honduras,8,1,1,1,0,1,2,0,1,0,0,0,0,0,0,Rural,1,0,0,0
553,Honduras,9,12,1,1,0,1,0,0,0,1,1,0,0,0,1,Urban,0,1,1,0
554,Honduras,6,NA,1,1,0,1,0,1,0,1,1,1,0,1,0,Rural,1,0,0,0
555,Honduras,9,0,1,1,0,1,0,0,1,0,1,1,0,0,1,Rural,1,1,0,0
556,Honduras,8,0,1,0,0,1,0,0,0,1,0,0,0,0,0,Rural,1,0,0,0
557,Honduras,1,3,0,1,1,0,0,0,0,0,1,1,0,NA,0,Urban,0,1,1,0
558,Honduras,13,13,1,1,0,1,0,1,1,0,1,1,1,1,1,Urban,1,1,0,0
559,Honduras,8,3,1,1,0,1,1,0,0,1,1,1,1,1,0,Rural,0,0,0,0
560,Honduras,6,14,1,1,0,1,3,0,0,0,1,1,0,1,1,Urban,1,1,0,0
561,Honduras,9,10,1,1,0,1,0,1,1,0,0,1,0,1,0,Urban,0,0,0,0
562,Honduras,7,1,1,0,0,1,0,0,0,0,0,0,0,1,1,Urban,0,0,0,0
563,Honduras,6,3,1,1,0,1,0,0,0,1,0,0,0,1,1,Rural,0,0,1,0
564,Honduras,17,15,1,1,1,1,3,1,1,1,1,1,1,1,1,Urban,0,0,0,0
565,Honduras,2,0,1,1,0,1,0,0,0,0,1,0,0,0,0,Rural,0,1,0,0
566,Honduras,3,1,0,1,0,1,0,0,0,0,0,0,0,NA,0,Urban,0,0,0,0
567,Honduras,13,1,1,1,1,1,3,1,1,1,1,1,1,1,1,Urban,1,1,0,1
568,Honduras,6,9,1,1,0,1,1,0,1,0,1,1,0,1,0,Urban,1,1,0,0
569,Honduras,7,NA,1,1,0,1,0,0,0,0,1,1,0,1,0,Urban,0,1,0,0
570,Honduras,16,12,1,0,0,1,0,0,0,0,1,0,0,0,0,Urban,0,0,0,0
571,Honduras,2,1,1,1,0,0,0,0,0,0,1,1,0,1,0,Urban,0,0,1,0
572,Honduras,6,1,0,0,0,1,0,0,0,0,1,1,0,NA,0,Rural,1,1,1,0
573,Honduras,2,NA,1,1,0,1,0,0,0,1,1,0,0,1,0,Rural,1,0,0,0
574,Honduras,6,NA,1,0,0,0,0,0,0,0,0,0,0,0,0,Rural,0,1,0,0
575,Honduras,11,4,0,1,1,1,0,0,0,0,1,1,0,NA,1,Rural,0,1,0,0
576,Honduras,16,1,0,1,0,1,1,0,0,0,1,0,0,NA,0,Rural,1,0,0,0
577,Honduras,6,NA,0,0,0,1,0,0,0,0,1,0,0,NA,0,Rural,0,0,0,0
578,Honduras,12,0,1,1,0,1,0,0,0,0,1,0,1,0,0,Rural,0,0,0,0
579,Honduras,0,NA,1,1,1,1,1,0,0,0,1,1,1,1,0,Rural,0,1,1,0
580,Honduras,18,14,1,1,0,1,1,1,1,1,1,1,1,1,1,Urban,0,0,0,0
581,Honduras,15,12,1,1,1,1,0,0,1,1,1,1,1,1,1,Urban,0,0,0,0
582,Honduras,3,2,0,0,0,0,0,0,0,0,0,0,0,NA,0,Rural,0,1,1,0
583,Honduras,NA,5,0,0,0,1,0,0,0,0,0,0,0,NA,0,Rural,NA,1,NA,0
584,Honduras,10,10,1,1,0,1,0,0,0,0,1,1,0,1,0,Rural,1,0,0,0
585,Honduras,6,0,1,1,0,1,0,0,0,0,0,0,0,0,0,Rural,0,0,0,0
586,Honduras,6,5,1,0,0,1,0,0,1,0,0,0,0,0,0,Urban,0,1,1,0
587,Honduras,9,13,1,1,0,1,1,1,0,0,1,1,1,1,0,Urban,0,1,0,0
588,Honduras,6,3,1,0,0,1,0,0,0,0,1,0,0,0,0,Urban,1,1,1,0
589,Honduras,12,13,1,1,1,1,0,1,1,0,1,1,0,0,0,Urban,0,1,0,0
590,Honduras,1,5,1,1,0,0,0,0,0,1,1,1,0,0,0,Urban,1,1,1,1
591,Honduras,9,2,1,0,0,1,0,0,0,0,1,0,0,0,1,Urban,1,1,1,0
592,Honduras,6,1,1,1,0,1,0,0,0,0,1,1,0,1,0,Rural,0,1,1,0
593,Honduras,5,NA,1,1,0,1,0,0,0,0,1,1,0,0,0,Urban,1,0,0,0
594,Honduras,12,0,1,1,0,1,0,1,1,1,1,1,1,1,1,Rural,1,1,0,0
595,Honduras,7,6,1,1,0,1,0,0,0,0,0,1,0,1,0,Urban,1,1,1,0
596,Honduras,12,4,1,1,0,1,1,0,0,1,1,0,0,1,1,Rural,1,0,0,0
597,Honduras,0,5,0,0,0,1,0,0,0,0,0,0,0,NA,0,Rural,0,0,0,0
598,Honduras,0,NA,1,1,1,1,1,1,0,0,1,1,0,1,0,Rural,0,0,0,0
599,Honduras,9,3,0,0,0,1,0,0,0,0,1,0,0,NA,0,Urban,1,1,1,0
600,Honduras,3,NA,1,0,0,1,0,0,0,1,1,0,0,1,0,Rural,0,0,0,0
601,Honduras,6,4,1,1,0,1,0,0,0,0,1,1,0,0,1,Urban,0,0,0,0
602,Honduras,9,5,1,1,0,1,1,1,0,1,1,1,0,1,0,Urban,0,1,0,0
603,Honduras,12,13,1,1,0,1,0,0,1,1,1,1,1,1,1,Urban,1,0,0,1
604,Honduras,4,0,1,NA,0,1,0,0,0,0,0,0,0,0,0,Urban,1,1,1,0
605,Honduras,18,15,1,1,0,1,1,0,1,0,1,1,1,1,1,Urban,0,0,0,0
606,Honduras,6,6,1,1,0,1,0,0,0,0,1,0,0,1,0,Rural,1,1,0,1
607,Honduras,6,11,1,0,0,1,0,0,0,1,1,0,0,1,0,Urban,0,0,0,0
608,Honduras,6,1,0,1,0,1,0,0,0,0,1,1,0,NA,0,Urban,0,1,1,0
609,Honduras,3,7,0,1,1,0,0,0,0,1,1,1,1,NA,0,Rural,1,0,0,0
610,Honduras,NA,14,1,1,1,1,1,0,0,0,1,1,1,1,1,Urban,0,0,0,0
611,Honduras,6,1,1,1,0,1,0,0,0,0,1,0,0,0,0,Rural,1,1,1,0
612,Honduras,11,11,1,1,1,1,0,0,0,0,1,1,0,1,1,Urban,0,0,0,0
613,Honduras,6,1,1,1,0,1,0,0,0,0,1,1,0,1,0,Rural,0,0,0,0
614,Honduras,15,9,1,1,0,1,0,1,1,0,1,1,1,0,1,Urban,1,0,0,0
615,Honduras,12,0,1,0,0,1,1,0,0,1,1,0,0,1,0,Rural,1,0,0,0
616,Honduras,1,11,1,1,0,1,0,0,0,0,1,1,0,0,0,Urban,1,0,0,0
617,Honduras,8,1,1,1,1,1,1,1,1,1,1,1,1,1,1,Urban,1,1,1,0
618,Honduras,7,1,1,0,0,1,0,0,0,0,1,1,0,1,0,Urban,1,0,0,0
619,Honduras,9,2,1,1,0,0,0,0,0,1,1,1,1,0,0,Rural,1,1,0,0
620,Honduras,3,4,1,1,0,1,2,0,1,0,1,1,0,1,1,Rural,0,1,1,0
621,Honduras,10,0,0,0,0,1,0,0,0,0,0,0,0,NA,0,Rural,0,1,1,0
622,Honduras,6,NA,1,1,0,1,0,1,0,0,1,1,0,0,1,Urban,0,1,1,0
623,Honduras,6,NA,1,1,0,1,0,0,0,0,1,1,0,0,0,Rural,0,0,0,0
624,Honduras,3,7,0,0,0,0,0,0,0,0,0,0,0,NA,0,Urban,0,1,1,0
625,Honduras,12,NA,1,1,0,1,0,0,0,0,1,0,0,0,0,Rural,1,0,0,0
626,Honduras,6,9,1,1,0,0,0,0,0,1,0,0,0,1,0,Urban,0,1,0,0
627,Honduras,12,NA,1,0,0,1,0,0,0,1,0,0,0,0,0,Rural,1,0,0,0
628,Honduras,0,NA,1,1,0,1,0,0,0,0,1,1,0,1,0,Urban,0,1,1,0
629,Honduras,6,1,1,1,0,1,0,0,0,0,1,0,1,0,1,Rural,0,0,0,0
630,Honduras,6,6,1,1,0,1,0,0,0,0,0,0,0,0,0,Rural,0,0,0,0
631,Honduras,6,1,1,1,0,1,0,0,0,1,0,0,0,0,1,Rural,NA,0,1,0
632,Honduras,12,0,1,1,0,1,0,0,0,1,1,1,0,0,0,Rural,1,1,1,0
633,Honduras,9,3,1,1,1,1,0,0,0,0,1,0,0,1,0,Urban,0,1,1,0
634,Honduras,4,1,1,1,0,1,0,0,0,1,1,1,0,1,0,Rural,1,0,0,0
635,Honduras,12,NA,1,1,0,1,0,1,0,0,1,1,0,1,0,Urban,1,1,1,0
636,Honduras,12,12,1,1,0,1,0,1,1,0,0,1,0,1,0,Urban,0,0,0,0
637,Honduras,2,4,1,1,1,1,1,1,0,1,1,1,1,1,1,Urban,0,0,0,0
638,Honduras,12,5,1,1,1,1,0,0,0,0,1,1,0,0,0,Urban,1,1,1,0
639,Honduras,12,2,1,1,0,1,0,1,1,0,0,1,0,1,0,Urban,0,0,1,0
640,Honduras,6,0,1,1,0,1,2,0,1,0,1,1,0,1,0,Rural,1,0,0,0
641,Honduras,0,NA,0,0,0,0,0,0,0,0,0,0,0,NA,0,Urban,0,0,0,0
642,Honduras,16,13,1,1,1,1,2,1,1,1,1,1,1,1,1,Urban,1,1,0,0
643,Honduras,6,5,1,1,0,1,0,0,0,0,1,0,0,0,0,Rural,1,1,1,0
644,Honduras,6,12,1,1,0,1,0,0,1,0,1,0,0,0,0,Urban,0,0,0,0
645,Honduras,0,6,1,1,0,1,0,0,0,0,1,0,0,0,0,Urban,1,1,0,0
646,Honduras,0,3,1,1,0,1,0,0,0,0,0,1,0,0,0,Rural,0,1,0,0
647,Honduras,6,4,1,1,1,0,1,1,0,0,1,0,0,1,0,Urban,0,0,0,0
648,Honduras,NA,NA,1,0,0,1,0,0,0,0,1,0,0,0,0,Rural,1,1,1,0
649,Honduras,11,9,1,1,0,1,1,1,1,0,1,1,1,1,0,Urban,1,0,0,1
650,Honduras,4,6,1,1,0,1,1,0,1,1,1,1,0,1,0,Urban,0,1,1,0
651,Honduras,12,4,1,1,0,1,0,0,1,0,1,0,1,0,1,Urban,0,0,1,0
652,Honduras,12,14,1,1,0,1,1,1,0,1,1,1,0,1,1,Urban,1,0,0,0
653,Honduras,6,4,1,1,0,1,0,0,1,1,1,1,0,0,0,Urban,0,1,1,0
654,Honduras,6,5,1,1,0,1,1,1,1,1,1,1,1,1,1,Rural,0,0,1,0
655,Honduras,18,14,1,1,1,1,0,0,1,0,1,0,0,1,1,Urban,0,0,0,0
656,Honduras,12,14,1,1,0,1,0,0,0,0,1,1,1,1,1,Urban,0,0,0,0
657,Honduras,6,12,1,1,0,1,0,0,0,0,1,1,0,1,0,Rural,0,0,0,1
658,Honduras,6,2,1,1,0,1,0,0,0,1,1,0,0,0,0,Urban,0,1,0,0
659,Honduras,6,NA,0,0,0,1,0,0,0,0,1,1,0,NA,0,Urban,1,1,0,0
660,Honduras,12,12,1,1,0,1,0,0,0,1,1,0,0,0,0,Urban,1,1,0,0
661,Honduras,7,8,1,1,0,1,2,0,0,0,1,1,1,1,1,Urban,1,0,0,0
662,Honduras,9,0,0,0,0,1,0,0,0,0,1,0,0,NA,0,Rural,0,0,0,1
663,Honduras,14,15,1,1,0,1,2,1,1,0,1,1,1,1,1,Rural,0,0,0,0
664,Honduras,8,3,1,1,0,1,1,1,1,0,1,1,1,0,0,Urban,0,1,1,0
665,Honduras,4,5,1,1,0,1,0,0,0,0,0,0,0,0,0,Rural,0,1,0,0
666,Honduras,3,8,1,1,0,1,0,0,0,0,1,1,0,0,1,Urban,0,1,1,0
667,Honduras,0,NA,0,0,0,0,0,0,0,0,0,0,0,NA,0,Rural,0,1,1,0
668,Honduras,10,10,0,1,0,1,0,1,1,0,1,1,1,NA,0,Rural,1,0,0,0
669,Honduras,16,13,1,1,0,1,1,1,1,1,1,1,0,1,1,Rural,1,1,1,0
670,Honduras,6,NA,0,0,0,1,0,0,0,0,1,0,0,NA,0,Rural,0,0,0,0
671,Honduras,12,14,1,1,0,1,2,0,1,0,1,1,1,1,1,Urban,1,0,0,0
672,Honduras,6,14,0,1,0,1,0,0,0,1,0,1,0,NA,0,Urban,0,1,0,0
673,Honduras,8,NA,1,1,0,0,0,0,0,0,0,1,0,0,0,Urban,0,1,1,0
674,Honduras,6,1,1,1,0,1,0,0,0,0,0,1,0,1,0,Rural,0,1,0,0
675,Honduras,1,0,0,0,0,0,0,0,0,1,1,0,0,NA,0,Rural,0,0,0,0
676,Honduras,9,0,1,0,0,1,0,0,0,1,0,0,0,0,0,Rural,0,0,0,0
677,Honduras,4,12,1,1,0,1,0,0,0,0,1,0,0,0,0,Urban,0,0,0,0
678,Honduras,3,13,1,1,0,1,0,0,1,0,1,0,0,0,0,Rural,0,1,1,0
679,Honduras,6,4,1,1,0,1,0,0,0,0,1,1,1,1,0,Rural,1,0,0,0
680,Honduras,5,0,1,1,0,1,0,1,1,0,1,1,0,0,0,Urban,1,0,1,0
681,Honduras,9,1,1,0,0,0,0,0,0,0,1,1,0,1,0,Rural,0,1,1,0
682,Honduras,6,0,1,0,0,1,0,1,0,0,1,0,0,1,0,Urban,0,0,0,0
683,Honduras,9,13,1,1,0,1,0,0,0,1,1,1,0,1,0,Rural,0,0,0,0
684,Honduras,12,NA,1,1,0,1,0,0,0,0,1,1,0,0,1,Rural,0,0,0,1
685,Honduras,4,1,1,0,0,1,0,0,0,0,0,0,0,0,0,Rural,0,1,1,0
686,Honduras,6,4,1,1,0,1,0,0,1,1,1,0,1,0,0,Urban,0,1,1,0
687,Honduras,1,3,1,0,0,1,0,0,0,0,0,0,0,1,0,Rural,0,1,1,0
688,Honduras,12,1,0,1,0,1,0,0,0,0,1,1,0,NA,0,Rural,1,1,1,0
689,Honduras,4,5,0,1,0,0,0,0,0,0,0,0,0,NA,0,Urban,1,1,1,0
690,Honduras,9,1,1,0,0,1,0,0,0,0,1,1,0,0,1,Urban,1,0,0,0
691,Honduras,11,8,1,0,0,1,0,0,0,0,1,1,0,1,0,Rural,0,0,0,0
692,Honduras,9,10,1,1,0,1,0,0,0,0,1,1,0,1,0,Urban,0,1,1,0
693,Honduras,6,8,0,1,0,1,1,0,0,0,1,1,0,NA,0,Urban,1,1,1,0
694,Honduras,10,10,1,1,0,1,0,0,1,0,1,1,0,1,0,Urban,0,0,0,0
695,Honduras,12,2,1,1,0,1,0,0,0,0,1,1,0,0,0,Urban,0,0,0,0
696,Honduras,15,8,1,1,0,1,0,0,0,0,1,0,0,0,0,Urban,0,0,0,0
697,Honduras,6,NA,1,0,0,0,0,0,0,0,0,0,0,1,0,Rural,0,1,1,0
698,Honduras,6,NA,1,1,0,1,0,1,1,0,0,1,0,1,0,Urban,0,1,1,0
699,Honduras,6,0,1,1,0,1,0,0,0,1,0,1,0,0,0,Rural,0,0,0,0
700,Honduras,15,9,0,1,0,1,0,0,0,0,1,1,1,NA,1,Urban,1,0,0,0
701,Honduras,11,2,1,1,0,1,0,0,0,1,1,1,0,0,0,Rural,1,1,0,0
702,Honduras,3,3,1,1,1,1,0,0,1,1,1,0,0,0,1,Urban,1,0,0,0
703,Honduras,12,9,1,1,0,1,1,0,1,1,1,1,0,1,0,Rural,1,0,0,0
704,Honduras,NA,11,1,0,0,1,1,0,0,1,1,0,0,0,0,Rural,1,0,0,0
705,Honduras,3,NA,0,0,0,0,0,0,0,0,0,0,0,NA,0,Rural,0,0,1,0
706,Honduras,5,4,1,1,0,1,0,0,0,0,0,0,0,1,0,Rural,1,0,0,0
707,Honduras,8,4,1,1,0,1,0,0,0,0,1,1,0,1,0,Urban,1,1,0,0
708,Honduras,10,11,1,1,0,1,0,0,1,0,1,1,0,1,0,Urban,1,0,0,0
709,Honduras,6,0,1,1,0,1,0,0,0,0,0,0,0,0,0,Rural,0,0,0,0
710,Honduras,4,3,1,1,0,1,0,0,0,1,1,1,0,0,0,Rural,0,0,0,1
711,Honduras,6,13,1,1,1,1,0,1,1,0,1,1,1,1,1,Urban,0,0,0,0
712,Honduras,9,1,1,1,1,0,0,0,0,0,1,1,0,0,0,Urban,0,0,0,0
713,Honduras,12,1,1,0,0,1,0,0,0,0,0,0,0,0,0,Urban,1,0,1,0
714,Honduras,12,7,1,1,0,1,0,0,0,0,1,1,0,1,0,Rural,1,0,0,0
715,Honduras,6,1,0,0,0,0,0,0,0,0,0,0,0,NA,0,Rural,0,0,0,0
716,Honduras,11,10,1,0,0,0,0,0,0,0,1,0,0,0,0,Urban,1,1,1,0
717,Honduras,12,10,1,1,1,1,0,0,1,0,1,1,0,1,1,Urban,0,0,0,0
718,Honduras,18,13,1,1,0,1,1,0,1,0,1,1,1,1,1,Rural,0,0,1,0
719,Honduras,12,14,1,1,0,1,1,1,1,0,1,0,0,0,1,Rural,0,0,0,0
720,Honduras,9,4,1,1,0,0,0,0,0,0,1,0,0,0,0,Rural,1,0,0,0
721,Honduras,3,0,0,1,0,1,0,0,0,0,0,0,0,NA,0,Rural,0,0,0,0
722,Honduras,12,4,0,1,0,0,1,0,0,0,1,1,0,NA,0,Urban,0,0,0,0
723,Honduras,0,NA,0,0,0,0,0,0,0,0,0,0,0,NA,0,Rural,1,1,1,0
724,Honduras,6,1,1,1,1,1,0,0,0,0,1,1,0,0,0,Urban,0,0,0,0
725,Honduras,6,14,1,1,0,1,1,0,1,1,1,1,0,1,0,Urban,0,0,0,0
726,Honduras,4,10,1,0,1,1,0,0,0,0,1,1,0,0,0,Rural,0,1,1,0
727,Honduras,9,0,1,0,0,1,0,0,0,0,0,0,0,0,0,Rural,0,0,0,0
728,Honduras,11,5,1,1,0,1,0,0,0,0,0,0,0,0,0,Urban,0,0,0,0
729,Honduras,6,3,1,1,0,1,0,1,1,0,1,1,0,1,1,Urban,1,0,1,0
730,Honduras,6,0,0,0,0,0,0,0,0,0,0,0,0,NA,0,Rural,1,1,1,0
731,Honduras,11,1,1,1,0,1,0,0,0,0,1,1,0,0,0,Urban,1,1,0,0
732,Honduras,16,15,1,1,1,1,2,1,1,1,1,1,1,0,1,Urban,1,0,1,0
733,Honduras,12,11,1,1,0,1,2,1,1,0,1,1,1,1,1,Urban,1,0,0,0
734,Honduras,14,9,1,1,0,1,0,0,0,0,1,1,1,0,1,Urban,0,0,0,0
735,Honduras,6,5,1,1,0,1,0,1,1,0,1,1,0,1,1,Rural,1,1,0,0
736,Honduras,18,15,1,1,1,1,3,1,1,0,1,1,1,1,1,Urban,0,0,0,0
737,Honduras,6,0,1,1,0,1,0,0,0,0,1,0,1,0,0,Urban,1,0,1,0
738,Honduras,3,NA,1,1,0,1,0,1,0,0,1,0,0,0,0,Urban,0,1,0,0
739,Honduras,9,7,1,1,1,1,0,0,1,0,1,1,1,0,1,Urban,1,0,0,0
740,Honduras,14,6,1,1,1,1,1,1,0,1,0,1,1,1,1,Urban,1,0,0,0
741,Honduras,12,13,1,1,0,1,1,0,1,0,1,1,1,1,1,Urban,0,0,0,0
742,Honduras,12,2,1,1,0,1,1,1,1,0,1,1,0,0,1,Urban,0,0,0,0
743,Honduras,0,NA,1,1,0,0,0,0,0,0,1,0,0,0,0,Rural,0,0,0,0
744,Honduras,5,NA,1,1,0,0,0,0,0,0,1,1,0,0,0,Rural,0,1,0,0
745,Honduras,4,12,1,1,0,1,1,1,1,0,1,1,0,0,0,Urban,0,0,0,0
746,Honduras,NA,NA,1,1,0,1,0,0,0,0,0,0,0,0,0,Rural,0,1,0,NA
747,Honduras,NA,NA,1,1,0,1,1,0,0,1,1,1,1,0,0,Rural,0,0,0,0
748,Honduras,6,3,1,1,0,1,0,0,0,0,1,0,0,1,0,Urban,0,0,1,0
749,Honduras,9,5,1,0,0,1,0,0,0,0,1,1,0,0,0,Urban,0,1,1,0
750,Honduras,9,14,1,1,0,1,2,0,1,1,1,1,0,1,0,Urban,0,1,1,0
751,Honduras,6,11,1,1,0,1,0,0,0,0,1,0,1,0,0,Urban,1,1,0,0
752,Honduras,2,NA,0,0,0,1,0,0,0,0,0,0,0,NA,0,Rural,0,1,0,0
753,Honduras,12,3,1,1,0,1,0,1,0,0,1,1,0,1,1,Urban,1,0,0,0
754,Honduras,1,5,0,0,0,1,0,0,0,0,0,0,0,NA,0,Urban,0,1,1,0
755,Honduras,12,7,1,1,0,1,1,0,0,0,1,1,0,0,0,Urban,0,1,1,0
756,Honduras,12,0,1,1,0,1,0,0,1,0,1,1,0,1,0,Urban,1,1,0,0
757,Honduras,6,NA,1,1,0,1,0,0,0,0,1,1,0,1,0,Rural,1,0,0,0
758,Honduras,12,12,1,1,0,1,1,0,1,0,1,1,0,0,0,Urban,1,0,1,0
759,Honduras,6,3,1,0,1,1,0,0,0,0,1,1,0,1,1,Urban,0,1,1,1
760,Honduras,12,NA,1,1,0,1,0,0,1,0,1,0,1,0,0,Urban,0,1,0,0
761,Honduras,7,1,1,0,0,1,0,0,0,0,1,0,0,1,0,Urban,1,1,1,0
762,Honduras,9,0,0,0,0,0,0,0,0,0,0,0,0,NA,0,Rural,0,0,1,0
763,Honduras,12,15,1,1,0,1,0,0,0,1,1,0,1,0,0,Rural,0,0,0,0
764,Honduras,8,NA,0,0,0,1,0,0,0,0,0,0,0,NA,0,Urban,1,1,1,0
765,Honduras,9,14,1,1,0,1,1,1,1,0,1,1,0,1,1,Urban,0,0,0,0
766,Honduras,14,13,1,1,0,1,0,0,0,0,1,1,1,0,1,Urban,1,1,1,0
767,Honduras,0,NA,1,1,0,1,0,0,0,0,1,1,0,0,0,Rural,1,0,0,0
768,Honduras,12,2,1,1,0,1,0,0,0,0,1,0,0,0,1,Urban,1,0,0,1
769,Honduras,12,10,1,1,0,1,0,1,1,1,1,1,1,1,1,Urban,1,1,1,0
770,Honduras,6,10,0,1,0,1,1,1,0,1,1,1,1,NA,1,Rural,0,0,0,0
771,Honduras,0,NA,0,0,0,1,0,0,0,0,0,0,0,NA,0,Rural,0,1,1,0
772,Honduras,11,0,1,1,0,1,0,0,0,0,1,1,0,0,0,Urban,1,1,1,0
773,Honduras,12,2,1,1,0,0,0,0,0,0,1,0,0,0,0,Rural,0,1,1,0
774,Honduras,8,1,1,1,0,0,0,0,0,0,1,0,0,0,0,Urban,1,1,1,0
775,Honduras,3,4,1,1,0,1,1,0,0,0,0,1,1,0,1,Urban,0,0,0,0
776,Honduras,1,NA,0,0,0,1,0,0,0,0,0,0,0,NA,0,Rural,1,0,0,1
777,Honduras,6,12,1,1,0,1,0,0,1,0,1,0,0,0,0,Rural,0,0,0,0
778,Honduras,5,2,1,1,0,1,0,0,0,0,0,0,0,0,0,Rural,1,0,0,0
779,Honduras,0,NA,0,1,0,1,0,0,0,0,1,1,0,NA,0,Rural,0,0,0,0
780,Honduras,6,1,1,1,0,1,0,0,0,0,1,1,0,0,1,Rural,1,0,1,0
781,Honduras,6,8,1,1,0,1,0,0,0,0,0,1,0,1,0,Urban,0,1,0,0
782,Honduras,6,NA,0,0,0,1,0,0,0,1,1,1,0,NA,0,Rural,0,0,0,0
783,Honduras,12,2,1,1,0,1,0,0,1,0,1,1,1,0,0,Urban,0,0,0,0
784,Honduras,6,6,1,1,0,1,0,0,0,0,1,0,1,0,0,Rural,0,0,0,1
785,Honduras,3,0,1,0,0,1,0,0,0,0,0,0,0,0,0,Rural,1,1,0,0
786,Honduras,9,1,0,0,0,1,1,0,0,0,1,1,0,NA,0,Urban,1,1,0,0
787,Honduras,3,NA,1,1,0,1,0,0,0,0,1,1,0,1,1,Urban,0,0,0,0
788,Honduras,14,12,1,1,0,1,1,1,1,1,1,1,1,1,0,Rural,0,0,0,0
789,Honduras,6,2,0,1,0,0,0,0,0,0,1,1,0,NA,0,Rural,0,0,0,1
790,Honduras,4,3,1,1,0,1,0,0,0,0,0,0,0,1,0,Urban,0,0,0,0
791,Honduras,10,6,1,1,0,1,0,0,1,1,1,1,0,1,1,Urban,0,0,0,0
792,Honduras,9,11,1,1,0,1,0,0,0,1,1,1,1,0,0,Urban,0,0,0,0
793,Honduras,9,0,0,0,0,1,0,0,0,0,0,0,0,NA,0,Rural,0,0,0,0
794,Honduras,6,2,1,1,0,1,0,0,0,1,1,1,0,1,0,Rural,0,1,0,0
795,Honduras,6,8,1,1,0,1,0,0,1,1,0,0,0,0,0,Urban,1,1,1,0
796,Honduras,12,10,0,0,0,0,0,0,0,0,1,1,0,NA,0,Urban,0,1,0,0
797,Honduras,NA,2,0,0,0,1,0,0,0,0,0,0,0,NA,0,Rural,0,0,0,1
798,Honduras,9,5,1,1,0,1,0,0,1,0,1,0,1,1,1,Rural,0,0,0,0
799,Honduras,9,14,1,1,1,1,0,1,1,0,1,1,1,1,1,Urban,0,0,0,0
800,Honduras,NA,1,0,0,0,1,0,0,0,0,1,0,0,NA,0,Rural,1,0,0,0
801,Honduras,3,7,1,1,0,1,1,1,0,0,1,1,1,1,1,Urban,0,0,0,0
802,Honduras,11,9,0,1,1,1,1,0,0,0,1,1,0,NA,1,Urban,1,1,1,0
803,Honduras,6,4,0,0,0,1,0,0,0,0,0,0,0,NA,0,Rural,1,1,1,0
804,Honduras,2,9,0,0,0,1,0,0,0,0,1,0,0,NA,0,Urban,0,1,1,0
805,Honduras,12,15,1,1,0,1,2,1,1,1,1,1,1,1,1,Urban,0,0,0,0
806,Honduras,12,7,1,1,0,1,1,1,1,0,1,1,0,1,0,Urban,0,0,0,1
807,Honduras,9,11,1,1,0,1,0,0,0,0,1,1,0,1,1,Urban,0,0,0,0
808,Honduras,6,2,1,1,0,1,0,0,0,0,1,1,0,1,0,Urban,1,1,1,0
809,Honduras,12,8,1,1,0,1,0,1,0,0,1,1,1,0,1,Rural,0,0,0,0
810,Honduras,7,1,1,1,0,1,0,1,1,0,1,0,1,1,1,Urban,0,0,1,0
811,Honduras,6,5,1,0,0,1,0,0,1,0,1,0,0,1,0,Urban,1,1,0,0
812,Honduras,0,0,1,0,0,1,0,0,0,0,1,1,0,0,0,Rural,0,1,1,0
813,Honduras,6,9,0,0,0,0,0,0,0,0,1,0,0,NA,0,Rural,0,0,0,0
814,Honduras,2,NA,1,1,0,1,0,0,0,0,1,1,0,1,0,Rural,0,1,1,0
815,Honduras,7,14,1,1,0,1,0,1,1,1,1,1,0,1,0,Urban,0,0,0,0
816,Honduras,8,11,1,1,0,1,0,0,0,0,1,0,0,1,0,Rural,0,0,0,0
817,Honduras,8,2,1,1,0,1,1,0,0,1,1,0,0,0,0,Rural,0,0,0,0
818,Honduras,2,2,0,0,0,1,1,0,0,0,1,0,0,NA,0,Rural,0,0,0,0
819,Honduras,9,13,1,1,0,1,0,0,1,1,1,1,1,1,1,Urban,1,1,0,0
820,Honduras,18,7,1,1,0,1,0,0,1,0,1,1,0,0,1,Urban,0,0,0,0
821,Honduras,6,13,1,1,1,1,1,0,1,1,1,0,0,0,0,Urban,0,0,0,0
822,Honduras,3,10,1,1,0,1,1,0,1,0,1,1,1,0,1,Rural,0,0,0,0
823,Honduras,6,5,1,1,0,1,0,0,1,1,0,0,0,1,0,Urban,1,0,0,0
824,Honduras,17,NA,1,1,1,1,1,1,1,0,1,1,1,1,1,Urban,1,0,0,0
825,Honduras,4,NA,1,1,1,0,0,0,0,0,1,0,0,0,0,Urban,0,1,0,0
826,Honduras,10,2,1,1,0,1,0,0,0,1,1,1,0,1,0,Rural,0,0,0,0
827,Honduras,9,7,1,0,0,1,0,0,0,0,0,0,0,1,0,Rural,0,0,0,0
828,Honduras,8,1,1,1,0,1,0,0,0,0,0,0,0,1,0,Urban,1,1,1,0
829,Honduras,0,1,0,0,0,1,0,0,0,0,0,0,0,NA,0,Rural,0,1,0,0
830,Honduras,6,NA,0,0,0,1,0,0,0,0,0,0,0,NA,0,Rural,0,1,0,0
831,Honduras,6,1,0,0,0,1,0,0,0,0,0,0,0,NA,0,Rural,0,0,0,0
832,Honduras,5,NA,1,1,0,1,1,0,0,0,1,1,0,0,0,Rural,0,0,0,0
833,Honduras,6,6,1,1,0,1,1,0,1,0,1,1,0,1,0,Rural,0,0,0,0
834,Honduras,9,6,1,1,0,1,0,0,1,0,1,0,0,1,0,Rural,0,0,0,0
835,Honduras,6,4,1,1,0,1,0,0,0,0,1,1,0,0,0,Rural,1,0,0,0
836,Honduras,6,10,1,1,1,1,0,0,1,1,1,1,1,1,0,Rural,0,0,0,0
837,Honduras,8,9,1,1,0,1,1,1,1,1,1,1,0,0,0,Urban,0,0,0,0
838,Honduras,7,1,1,1,0,1,0,0,0,0,1,0,0,1,0,Urban,1,0,0,0
839,Honduras,5,10,1,1,0,1,0,0,0,0,0,0,0,0,0,Urban,0,0,0,0
840,Honduras,6,15,1,0,0,1,0,0,1,1,1,1,0,1,1,Urban,1,0,0,0
841,Honduras,6,0,1,1,0,1,1,0,0,0,1,1,1,1,1,Urban,0,0,0,0
842,Honduras,6,0,1,1,0,1,0,0,0,0,1,0,0,0,0,Rural,1,0,0,1
843,Honduras,12,3,1,1,0,1,0,0,0,0,1,1,0,1,0,Rural,1,0,0,0
844,Honduras,6,8,1,1,0,1,0,0,0,0,1,0,0,1,0,Urban,1,1,0,0
845,Honduras,2,NA,1,1,0,1,1,1,0,0,1,1,1,1,1,Urban,NA,0,0,0
846,Honduras,3,NA,1,1,1,0,0,1,1,0,1,0,0,1,0,Rural,NA,1,1,0
847,Honduras,9,13,1,0,0,1,0,0,0,0,1,1,0,0,0,Urban,0,0,0,0
848,Honduras,0,0,0,0,0,0,0,0,0,0,0,0,0,NA,0,Rural,0,1,0,0
849,Honduras,7,0,1,1,0,1,0,0,0,1,1,1,1,0,0,Urban,0,0,0,0
850,Honduras,0,2,0,0,0,0,0,0,0,0,0,0,0,NA,0,Rural,0,1,0,0
851,Honduras,18,14,1,1,0,1,1,1,1,0,1,1,0,0,0,Urban,1,0,1,0
852,Honduras,17,12,1,1,0,1,0,1,0,0,1,1,0,1,1,Rural,0,0,0,0
853,Honduras,9,12,1,1,0,1,0,0,0,0,1,1,0,1,0,Urban,1,1,1,0
854,Honduras,6,4,1,1,1,1,0,0,0,0,1,1,1,1,1,Urban,1,0,0,0
855,Honduras,6,3,1,1,0,1,0,0,0,0,0,1,0,0,0,Rural,0,0,0,0
856,Honduras,11,1,1,1,0,1,0,0,1,0,1,1,1,1,1,Rural,1,1,0,0
857,Honduras,6,7,1,0,0,1,0,0,0,0,1,0,0,0,0,Urban,1,1,1,0
858,Honduras,7,0,1,1,0,1,0,0,0,0,1,1,0,1,1,Urban,0,1,0,0
859,Honduras,12,12,1,1,0,1,1,1,0,1,1,1,0,1,0,Rural,0,0,0,0
860,Honduras,6,NA,0,0,0,1,0,0,0,0,0,0,0,NA,0,Rural,0,0,0,0
861,Honduras,5,4,1,1,0,1,0,0,0,0,0,0,0,1,0,Rural,0,1,1,0
862,Honduras,8,13,1,1,0,1,0,1,0,0,1,0,0,0,0,Rural,1,0,1,0
863,Honduras,14,7,1,0,0,1,0,0,0,0,1,1,0,1,0,Urban,0,1,1,0
864,Honduras,6,3,0,0,0,0,0,0,0,0,1,0,0,NA,0,Rural,0,0,0,0
865,Honduras,6,1,1,1,0,1,0,0,0,0,0,1,0,0,0,Rural,1,0,0,0
866,Honduras,NA,NA,0,0,0,0,0,0,0,0,1,0,0,NA,0,Rural,0,0,0,0
867,Honduras,12,6,1,1,0,0,0,0,0,0,1,0,0,1,0,Urban,0,1,1,0
868,Honduras,12,13,1,1,0,1,1,0,0,0,1,1,0,1,0,Urban,1,0,0,0
869,Honduras,7,0,1,0,0,1,0,0,0,0,1,0,0,0,0,Urban,1,1,1,0
870,Honduras,16,14,1,1,0,1,1,1,1,0,1,1,1,1,1,Rural,0,0,0,0
871,Honduras,6,14,1,1,0,1,1,0,0,0,1,0,0,1,0,Urban,0,0,0,0
872,Honduras,10,9,1,0,0,1,0,0,1,0,1,1,1,0,1,Urban,1,1,1,0
873,Honduras,11,11,1,1,0,1,0,0,1,0,1,0,0,1,0,Urban,1,0,0,0
874,Honduras,6,NA,1,1,0,0,0,0,1,1,1,1,0,1,0,Urban,1,1,1,0
875,Honduras,4,NA,0,0,0,0,0,0,0,0,1,0,0,NA,0,Rural,0,0,0,0
876,Honduras,12,NA,1,0,0,1,0,0,0,0,0,1,0,0,0,Urban,0,0,0,0
877,Honduras,9,3,1,1,0,1,0,0,0,0,1,1,0,0,0,Rural,1,0,0,0
878,Honduras,11,1,0,0,0,1,0,0,0,0,1,1,0,NA,0,Rural,1,0,0,0
879,Honduras,6,6,1,1,0,1,0,0,0,0,1,1,0,1,0,Urban,1,1,1,0
880,Honduras,12,0,1,1,1,1,1,1,0,0,1,1,0,0,0,Urban,0,0,0,0
881,Honduras,12,6,1,1,0,1,0,1,1,0,1,1,1,0,0,Urban,1,0,0,0
882,Honduras,6,1,1,0,0,1,0,0,0,0,0,0,0,0,0,Rural,1,0,0,0
883,Honduras,7,8,1,1,0,1,0,0,1,0,1,1,1,1,1,Urban,1,1,0,0
884,Honduras,12,12,1,1,0,1,1,1,1,1,1,1,1,1,1,Urban,0,0,0,0
885,Honduras,10,5,1,1,0,1,0,0,0,0,1,1,0,1,0,Urban,1,1,1,0
886,Honduras,12,2,1,1,0,0,0,0,0,0,1,0,0,1,0,Urban,0,0,0,0
887,Honduras,2,6,1,1,0,1,0,1,0,0,1,1,0,1,1,Urban,0,0,0,0
888,Honduras,12,14,1,1,0,1,0,1,1,1,1,1,1,1,1,Urban,0,0,0,0
889,Honduras,6,NA,1,1,0,1,0,0,0,0,1,1,0,0,0,Urban,0,0,1,0
890,Honduras,11,13,1,0,1,1,0,0,0,1,0,1,0,1,0,Urban,0,0,0,1
891,Honduras,8,13,1,1,0,1,1,0,1,0,1,1,1,1,0,Urban,0,0,0,0
892,Honduras,6,NA,1,1,0,1,1,0,0,0,1,1,0,1,1,Urban,0,1,0,0
893,Honduras,6,NA,1,1,0,1,0,0,1,0,1,1,0,1,0,Urban,0,1,1,0
894,Honduras,7,4,1,1,0,1,0,0,0,0,1,1,0,1,0,Rural,1,1,1,0
895,Honduras,12,8,1,1,0,1,1,0,1,0,0,1,0,1,1,Urban,1,0,0,0
896,Honduras,6,12,1,1,1,1,0,0,0,1,1,1,1,1,1,Urban,1,0,0,0
897,Honduras,2,9,1,1,0,1,0,0,0,1,1,1,0,1,0,Urban,0,0,0,0
898,Honduras,5,1,0,1,0,1,0,0,0,0,0,0,0,NA,0,Rural,1,1,1,0
899,Honduras,1,NA,0,0,0,0,0,0,0,0,0,0,0,NA,0,Rural,0,1,1,0
900,Honduras,8,5,1,0,0,1,0,0,0,0,1,1,0,0,1,Urban,0,0,0,0
901,Honduras,12,9,1,0,0,1,0,0,0,0,0,0,0,0,1,Urban,1,0,0,1
902,Honduras,6,7,1,1,0,1,0,0,0,0,1,1,1,1,1,Urban,0,0,0,0
903,Honduras,6,10,1,1,0,1,0,0,0,0,1,1,0,1,0,Urban,1,0,0,0
904,Honduras,9,9,1,0,0,1,0,0,0,0,0,0,0,0,0,Rural,1,0,0,0
905,Honduras,6,8,1,1,0,1,0,0,0,0,1,1,0,1,0,Rural,0,0,0,0
906,Honduras,6,6,1,1,0,1,0,0,0,0,1,1,0,1,0,Rural,1,0,0,0
907,Honduras,6,1,1,0,0,1,0,0,0,0,1,1,0,0,0,Urban,0,1,1,0
908,Honduras,6,11,1,1,0,1,0,0,1,1,1,0,0,1,0,Rural,1,0,0,1
909,Honduras,9,1,0,0,0,1,0,0,0,1,0,0,0,NA,0,Rural,1,1,1,0
910,Honduras,6,0,0,0,0,0,0,0,0,0,0,0,0,NA,0,Rural,0,0,0,0
911,Honduras,16,4,1,1,0,1,1,1,1,1,1,1,1,1,0,Urban,1,1,0,0
912,Honduras,2,6,0,0,0,1,0,0,0,1,0,0,0,NA,0,Rural,0,1,0,0
913,Honduras,6,0,1,1,0,1,0,0,0,0,1,1,0,0,0,Urban,1,1,0,0
914,Honduras,8,10,1,1,0,0,0,0,0,0,0,0,0,0,0,Urban,0,0,0,0
915,Honduras,3,7,1,1,0,1,0,0,0,0,1,0,0,0,0,Urban,0,0,0,0
916,Honduras,5,6,1,1,0,1,0,0,0,0,1,0,0,1,0,Urban,0,1,1,0
917,Honduras,6,NA,1,1,0,1,1,1,0,0,1,1,0,1,0,Urban,0,0,0,0
918,Honduras,6,4,1,0,0,1,0,0,1,0,1,1,0,0,0,Urban,1,1,1,0
919,Honduras,0,NA,1,0,0,1,0,0,0,0,0,0,0,1,0,Urban,0,0,0,0
920,Honduras,13,14,1,1,1,1,0,1,1,1,1,1,1,1,1,Urban,1,1,0,0
921,Honduras,12,9,1,1,0,1,0,0,1,0,0,0,1,0,0,Rural,1,0,0,0
922,Honduras,18,14,1,1,0,1,0,1,0,1,1,1,0,1,0,Urban,0,1,0,0
923,Honduras,12,NA,1,1,1,1,1,0,1,0,1,0,1,1,1,Urban,NA,NA,0,0
924,Honduras,6,0,1,1,0,1,0,0,0,1,0,0,0,1,0,Urban,0,1,1,1
925,Honduras,2,4,1,1,0,1,0,0,1,1,1,0,0,0,0,Rural,0,0,0,0
926,Honduras,5,NA,1,1,1,0,0,1,1,0,1,1,1,1,1,Urban,0,0,0,0
927,Honduras,8,3,0,1,0,1,0,0,0,0,1,1,0,NA,0,Urban,0,1,1,0
928,Honduras,4,1,0,0,0,1,0,0,0,0,0,1,0,NA,0,Rural,0,1,1,0
929,Honduras,6,1,1,0,0,1,0,0,0,0,1,0,0,1,0,Rural,1,0,0,0
930,Honduras,3,NA,1,1,0,1,0,0,0,0,1,1,0,1,0,Rural,1,1,1,0
931,Honduras,11,13,1,1,0,0,0,0,0,1,1,0,0,1,0,Rural,0,1,1,0
932,Honduras,12,12,1,1,1,1,0,1,1,1,1,1,1,0,1,Rural,1,0,0,0
933,Honduras,0,NA,0,0,0,0,0,0,0,1,0,0,0,NA,0,Rural,0,0,NA,0
934,Honduras,6,NA,1,0,0,0,0,0,0,0,0,0,0,0,0,Urban,1,1,1,0
935,Honduras,9,1,1,1,0,1,0,0,1,1,1,1,0,1,0,Rural,1,0,0,0
936,Honduras,0,NA,0,1,0,1,0,0,0,0,1,1,0,NA,0,Rural,0,1,1,0
937,Honduras,10,2,1,0,0,1,0,0,0,0,1,1,0,0,0,Urban,0,1,1,0
938,Honduras,6,1,1,1,0,1,0,0,0,0,1,0,0,1,0,Rural,0,1,1,0
939,Honduras,9,11,1,1,1,1,0,0,1,0,1,1,0,0,0,Urban,1,0,0,0
940,Honduras,13,8,1,0,0,1,0,0,0,0,0,0,0,0,0,Rural,1,1,1,0
941,Honduras,11,2,1,1,1,1,0,1,1,0,1,1,1,1,1,Rural,0,0,0,0
942,Honduras,6,0,1,1,0,1,0,0,0,1,0,0,1,0,1,Urban,0,1,1,0
943,Honduras,6,NA,0,0,0,0,0,0,0,0,1,0,0,NA,0,Rural,1,0,0,0
944,Honduras,12,1,1,1,0,1,0,0,0,0,1,1,0,0,0,Rural,0,0,1,0
945,Honduras,6,6,1,1,0,1,0,0,0,0,1,0,0,1,0,Urban,1,1,0,0
946,Honduras,2,NA,0,0,0,1,0,0,0,0,1,0,0,NA,0,Rural,0,0,0,0
947,Honduras,6,NA,1,1,0,1,0,0,0,1,1,1,0,1,0,Rural,0,0,0,NA
948,Honduras,5,NA,0,1,0,1,0,0,0,0,0,0,0,NA,0,Rural,0,0,0,0
949,Honduras,2,1,1,1,0,1,0,0,0,0,0,0,0,0,0,Rural,1,0,0,0
950,Honduras,6,1,0,0,0,1,0,0,0,0,0,0,0,NA,0,Rural,0,1,0,0
951,Honduras,4,1,1,0,0,1,1,0,0,1,0,0,0,0,0,Rural,1,1,1,0
952,Honduras,12,11,1,1,0,0,0,1,0,0,1,1,0,0,0,Rural,0,0,0,0
953,Honduras,9,11,1,1,0,1,0,0,0,1,1,0,1,0,1,Rural,0,0,0,1
954,Honduras,NA,NA,1,0,0,0,0,0,0,0,1,0,0,0,0,Rural,0,1,0,0
955,Honduras,11,10,1,1,1,1,0,0,0,0,1,1,1,1,1,Urban,0,0,0,0
956,Honduras,6,11,1,1,1,1,0,1,1,0,1,1,0,1,0,Urban,0,0,0,0
957,Honduras,11,4,1,0,0,1,0,0,0,0,1,0,0,1,0,Urban,1,1,1,0
958,Honduras,6,4,1,1,0,1,1,0,0,1,0,1,0,0,0,Rural,NA,0,0,0
959,Honduras,12,5,1,1,1,1,2,1,1,0,1,1,0,1,1,Urban,0,0,0,0
960,Honduras,5,NA,1,0,0,1,0,0,0,1,1,0,0,0,0,Urban,1,0,0,0
961,Honduras,18,15,1,1,0,1,NA,1,1,0,1,1,1,1,1,Urban,0,0,0,0
962,Honduras,12,8,1,1,1,1,0,0,1,1,1,1,0,1,0,Urban,1,0,0,0
963,Honduras,6,4,1,1,0,1,0,0,0,0,1,1,0,0,0,Urban,0,0,0,0
964,Honduras,9,3,1,0,0,1,1,0,0,0,0,0,0,0,0,Urban,0,0,0,0
965,Honduras,6,8,1,1,0,1,0,0,0,0,1,0,0,0,0,Urban,0,1,0,0
966,Honduras,5,NA,0,0,0,1,0,0,0,0,1,0,0,NA,0,Urban,0,1,1,1
967,Honduras,9,10,1,1,0,1,0,1,1,0,1,1,1,0,1,Urban,1,0,0,0
968,Honduras,14,15,1,1,0,1,0,1,0,0,1,1,1,1,1,Urban,1,0,0,0
969,Honduras,6,2,0,0,0,0,0,0,0,0,0,0,0,NA,0,Rural,1,1,1,1
970,Honduras,9,13,1,1,0,1,0,1,1,1,1,1,1,1,0,Urban,0,0,0,0
971,Honduras,12,14,1,1,0,1,1,0,1,0,1,1,1,1,0,Urban,1,0,0,0
972,Honduras,6,3,1,1,0,1,0,0,1,1,1,1,0,1,0,Rural,0,1,0,0
973,Honduras,4,NA,1,1,0,1,1,0,0,0,0,0,0,0,0,Rural,0,1,0,0
974,Honduras,18,7,1,1,0,1,1,0,1,1,0,1,0,1,0,Rural,1,0,0,0
975,Honduras,4,4,1,1,0,0,0,0,1,1,1,0,0,1,0,Rural,0,1,0,1
976,Honduras,6,9,1,1,1,1,2,1,0,0,1,1,1,1,1,Urban,0,0,0,0
977,Honduras,9,2,1,1,0,1,0,0,0,0,1,1,0,0,0,Rural,0,0,0,0
978,Honduras,9,4,1,1,0,1,0,1,1,1,1,1,0,1,0,Rural,0,0,0,0
979,Honduras,12,4,1,1,0,1,1,0,1,0,1,1,0,0,0,Rural,0,1,1,0
980,Honduras,6,NA,1,1,0,1,0,0,1,1,1,0,0,1,0,Rural,1,1,1,0
981,Honduras,12,NA,1,1,0,1,0,0,1,0,1,1,0,1,0,Urban,1,0,0,0
982,Honduras,11,4,1,0,0,1,0,0,1,1,1,1,0,1,0,Urban,1,1,1,0
983,Honduras,7,0,1,1,1,1,0,0,0,0,1,1,0,0,0,Urban,1,0,1,0
984,Honduras,11,4,1,1,1,0,0,0,1,0,0,0,0,1,0,Rural,1,1,0,0
985,Honduras,6,1,1,1,0,1,0,0,0,0,1,1,0,0,0,Rural,1,0,0,0
986,Honduras,6,12,1,1,0,1,0,0,1,0,1,1,0,0,0,Urban,0,0,0,0
987,Honduras,4,NA,1,0,0,1,0,0,0,0,1,1,0,1,0,Rural,0,1,1,1
988,Honduras,8,NA,1,1,0,1,0,0,0,1,0,0,0,1,0,Rural,0,0,0,0
989,Honduras,12,4,1,1,0,1,0,0,1,1,1,0,0,0,0,Rural,1,0,0,0
990,Honduras,8,2,1,1,0,1,1,0,1,1,1,1,0,1,1,Rural,0,0,0,0
991,Honduras,5,5,1,1,0,1,0,0,0,1,0,1,0,0,0,Rural,1,1,0,0
992,Honduras,3,7,0,0,0,1,0,0,0,0,0,0,0,NA,0,Rural,0,0,0,0
993,Honduras,6,5,1,1,0,1,0,0,0,0,1,0,0,0,0,Rural,1,0,1,0
994,Honduras,8,12,1,1,0,1,0,0,1,1,0,0,0,1,1,Rural,0,0,0,0
995,Honduras,6,7,1,1,1,0,0,0,0,1,0,0,0,0,0,Rural,1,1,1,0
996,Honduras,6,3,0,1,0,1,0,0,0,0,1,0,0,NA,0,Rural,1,1,1,0
997,Honduras,6,1,0,1,0,0,0,0,0,0,1,0,0,NA,0,Urban,NA,1,1,0
998,Honduras,6,0,1,0,0,1,0,0,0,0,0,0,0,0,0,Rural,1,0,0,0
999,Honduras,6,2,0,0,0,1,0,0,0,0,0,0,0,NA,0,Rural,0,1,1,0
1000,Honduras,12,1,0,1,0,1,0,0,0,0,1,1,0,NA,0,Urban,1,0,0,0
1001,Honduras,2,1,1,0,0,1,0,0,0,0,0,0,0,1,0,Rural,1,1,1,1
1002,Honduras,NA,NA,1,1,0,1,0,0,0,0,1,1,0,1,0,Rural,0,0,NA,0
1003,Honduras,8,7,1,1,0,1,1,0,0,1,1,1,1,1,1,Rural,0,0,0,0
1004,Honduras,6,NA,1,1,0,1,0,0,0,0,1,0,0,0,0,Urban,NA,1,1,0
1005,Honduras,6,1,1,0,0,1,0,0,0,0,1,0,0,0,0,Rural,1,1,1,0
1006,Honduras,18,14,1,1,0,1,0,0,0,0,1,1,0,1,0,Urban,0,0,0,0
1007,Honduras,5,NA,1,0,0,1,1,0,0,0,1,0,0,0,0,Rural,0,0,0,0
1008,Honduras,12,14,1,1,0,1,0,1,1,0,1,0,1,1,0,Rural,0,0,0,0
1009,Honduras,6,3,0,0,0,1,0,0,0,0,0,0,0,NA,0,Urban,0,1,1,0
1010,Honduras,16,13,1,1,1,1,1,1,1,1,1,0,1,1,0,Rural,0,0,0,0
1011,Honduras,12,6,1,1,0,1,0,0,0,0,0,1,0,1,0,Urban,1,1,1,0
1012,Honduras,7,5,1,1,0,1,0,0,0,0,1,0,1,1,1,Rural,0,1,1,0
1013,Honduras,8,4,1,1,0,1,0,1,1,1,0,1,0,1,0,Urban,0,0,0,0
1014,Honduras,5,0,0,0,0,1,0,0,0,0,0,0,0,NA,0,Rural,1,1,1,0
1015,Honduras,6,NA,1,1,0,1,0,0,1,1,1,0,0,1,1,Rural,0,0,0,0
1016,Honduras,9,NA,0,0,0,1,0,0,0,0,1,0,0,NA,0,Rural,0,0,0,0
1017,Honduras,3,NA,1,0,0,0,0,0,0,0,1,0,0,1,0,Urban,1,0,0,0
1018,Honduras,4,0,1,1,0,1,0,0,1,1,1,1,0,1,0,Urban,1,1,1,0
1019,Honduras,0,NA,1,0,0,1,0,0,0,0,0,0,0,NA,0,Rural,NA,1,NA,1
1020,Honduras,6,3,0,0,0,1,0,0,0,1,1,0,0,NA,0,Urban,0,0,0,0
1021,Honduras,12,12,1,1,0,1,1,1,1,0,1,1,0,0,1,Urban,1,0,0,0
1022,Honduras,3,NA,1,1,0,1,0,0,1,0,1,1,0,0,0,Rural,0,0,0,0
1023,Honduras,13,6,1,1,1,1,1,0,1,0,1,1,1,0,0,Urban,0,0,0,0
1024,Honduras,6,8,1,0,0,1,0,0,1,0,0,0,0,0,0,Rural,0,0,0,1
1025,Honduras,6,3,1,1,0,1,1,0,0,0,0,0,0,1,0,Rural,0,0,0,0
1026,Honduras,0,NA,1,0,0,0,0,0,0,0,0,0,0,0,0,Rural,NA,1,1,0
1027,Honduras,0,3,1,0,0,1,1,0,0,0,1,1,0,1,0,Rural,0,1,1,0
1028,Honduras,12,NA,0,0,0,1,0,0,0,0,0,0,0,NA,0,Urban,0,0,0,0
1029,Honduras,9,7,1,1,0,1,0,0,0,1,1,1,1,1,0,Rural,0,0,0,0
1030,Honduras,4,0,1,1,0,1,0,0,0,0,1,0,0,0,0,Rural,1,1,1,0
1031,Honduras,2,0,1,1,0,1,0,0,0,0,1,1,0,1,0,Rural,0,0,0,0
1032,Honduras,18,12,1,1,0,1,0,1,0,1,1,1,1,1,1,Urban,1,0,0,0
1033,Honduras,6,13,1,1,1,1,0,0,0,0,0,0,0,0,0,Rural,0,0,0,0
1034,Honduras,11,7,1,1,0,0,0,0,0,0,1,1,0,1,0,Urban,0,0,0,0
1035,Honduras,3,3,1,1,0,1,0,0,0,0,1,1,0,0,0,Rural,0,1,0,0
1036,Honduras,12,11,1,1,0,1,1,0,0,1,1,0,1,1,0,Urban,0,0,0,0
1037,Honduras,12,14,1,1,0,1,1,1,1,1,1,1,1,0,1,Urban,1,1,1,0
1038,Honduras,0,1,1,0,0,1,0,0,0,0,1,0,0,0,0,Rural,0,1,0,0
1039,Honduras,12,NA,1,1,1,1,0,1,0,0,1,1,0,1,0,Urban,0,0,0,0
1040,Honduras,12,11,1,1,0,1,0,0,0,1,1,0,0,1,1,Rural,1,0,0,0
1041,Honduras,12,14,1,1,0,1,0,1,1,0,1,1,1,1,1,Urban,0,0,0,0
1042,Honduras,12,12,1,1,1,1,0,0,1,0,1,0,1,1,0,Urban,0,0,0,0
1043,Honduras,12,13,1,1,0,1,0,0,1,1,1,1,0,1,0,Urban,1,0,0,0
1044,Honduras,2,7,1,0,1,0,0,0,1,0,1,0,0,1,0,Urban,0,1,1,0
1045,Honduras,12,12,1,1,0,1,0,0,1,0,1,1,1,1,1,Urban,1,0,0,0
1046,Honduras,14,13,1,1,0,1,0,0,1,0,1,0,1,1,1,Urban,0,0,0,0
1047,Honduras,6,2,1,0,0,0,0,0,0,0,0,0,0,1,0,Urban,0,1,1,0
1048,Honduras,4,0,1,1,0,1,0,0,0,0,0,0,0,0,1,Urban,1,0,1,0
1049,Honduras,12,13,1,1,0,1,1,1,0,0,1,1,0,1,1,Urban,1,0,0,0
1050,Honduras,3,NA,1,0,0,1,0,0,0,0,1,1,0,0,0,Urban,1,1,1,0
1051,Honduras,6,NA,1,1,1,0,0,0,0,0,1,1,0,1,0,Urban,0,0,0,0
1052,Honduras,0,NA,0,1,0,0,0,0,0,0,0,0,0,NA,0,Rural,0,1,0,0
1053,Honduras,NA,14,1,1,1,1,1,0,1,1,1,1,1,1,1,Rural,0,0,0,0
1054,Honduras,9,2,1,1,0,1,1,0,1,0,1,1,0,1,0,Rural,1,1,1,0
1055,Honduras,10,4,0,0,0,1,0,0,0,0,0,0,0,NA,0,Rural,0,0,0,0
1056,Honduras,12,11,1,1,0,1,0,1,0,1,1,1,0,1,0,Urban,1,0,0,0
1057,Honduras,6,0,1,1,0,1,0,0,0,0,1,0,0,1,0,Urban,0,0,1,0
1058,Honduras,NA,0,1,1,0,1,0,0,0,0,1,0,0,0,0,Rural,0,1,0,0
1059,Honduras,12,11,1,1,0,1,0,0,1,0,1,1,1,1,1,Urban,1,1,1,0
1060,Honduras,6,9,1,1,1,1,0,1,1,0,1,1,0,1,0,Urban,0,0,0,0
1061,Honduras,0,9,1,1,0,1,0,0,0,0,1,1,0,0,0,Urban,1,1,0,0
1062,Honduras,16,NA,1,1,1,1,0,0,0,0,1,1,0,1,0,Urban,0,0,0,0
1063,Honduras,10,12,1,1,0,1,0,0,1,0,1,1,0,1,1,Rural,1,0,0,0
1064,Honduras,11,1,1,1,0,1,2,1,1,1,1,1,0,0,1,Urban,1,1,0,0
1065,Honduras,12,10,1,1,0,1,0,0,0,0,0,0,0,0,0,Rural,1,1,1,0
1066,Honduras,6,NA,1,1,0,1,0,0,0,0,0,1,0,0,0,Rural,0,1,0,0
1067,Honduras,9,11,1,1,0,1,0,1,1,1,1,1,1,1,0,Urban,0,0,0,0
1068,Honduras,12,6,0,0,0,1,0,0,0,0,1,0,0,NA,0,Rural,0,1,1,1
1069,Honduras,12,7,1,1,0,1,0,0,0,0,0,0,0,1,1,Urban,0,0,0,0
1070,Honduras,4,5,0,0,0,0,0,0,0,0,0,0,0,NA,0,Rural,0,1,1,1
1071,Honduras,NA,0,1,1,0,1,0,0,0,0,1,1,0,1,0,Urban,0,0,0,0
1072,Honduras,6,9,1,1,0,1,0,0,0,0,1,1,0,1,1,Urban,0,0,0,0
1073,Honduras,17,13,1,1,0,1,0,1,1,0,1,1,1,1,1,Urban,1,0,0,0
1074,Honduras,7,12,1,1,0,1,2,1,1,1,1,1,0,1,1,Urban,0,0,0,0
1075,Honduras,6,1,1,1,1,0,0,1,1,0,1,1,0,0,0,Urban,0,1,1,0
1076,Honduras,10,13,1,1,1,1,0,1,1,0,1,1,1,1,1,Urban,0,0,0,0
1077,Honduras,7,NA,1,1,0,1,0,1,0,0,1,0,0,0,0,Rural,0,0,0,0
1078,Honduras,0,1,1,1,0,1,0,0,0,0,0,0,0,0,0,Rural,0,0,0,0
1079,Honduras,NA,0,1,0,0,1,0,0,0,0,0,0,0,1,0,Rural,0,1,0,0
1080,Honduras,12,10,1,1,1,1,1,1,0,0,0,0,0,1,1,Urban,1,0,0,0
1081,Honduras,6,4,1,1,1,0,0,1,1,0,1,1,0,0,1,Urban,0,1,0,0
1082,Honduras,12,1,1,0,0,1,1,0,0,0,1,0,0,0,0,Rural,0,0,0,1
1083,Honduras,6,3,1,1,0,1,1,0,1,1,1,1,0,1,0,Urban,0,1,NA,0
1084,Honduras,9,4,1,1,0,1,0,0,0,0,1,1,0,0,0,Urban,1,0,0,0
1085,Honduras,8,0,1,1,0,1,0,0,1,0,1,1,0,0,0,Urban,1,1,1,0
1086,Honduras,9,6,1,1,0,1,0,0,0,0,1,0,0,0,0,Urban,1,0,1,0
1087,Honduras,4,0,1,0,0,1,0,0,0,0,1,1,0,0,0,Rural,1,1,1,0
1088,Honduras,2,6,1,1,0,1,0,0,1,1,1,1,0,1,0,Rural,0,0,0,0
1089,Honduras,9,1,1,1,0,0,0,0,0,1,0,0,0,0,0,Urban,1,1,1,1
1090,Honduras,6,12,1,1,1,1,1,0,1,0,0,1,1,0,1,Urban,0,0,0,0
1091,Honduras,6,0,0,0,0,0,0,0,0,0,1,0,0,NA,0,Urban,0,1,1,0
1092,Honduras,6,4,1,1,1,1,0,0,0,1,1,1,1,0,1,Urban,0,0,0,0
1093,Honduras,6,0,0,0,0,1,0,0,0,0,1,0,0,NA,0,Rural,0,0,0,0
1094,Honduras,6,6,1,0,0,1,0,0,0,0,1,0,0,0,0,Rural,0,0,0,0
1095,Honduras,14,7,1,1,0,1,0,0,0,1,0,0,0,1,0,Urban,1,1,1,1
1096,Honduras,6,3,1,1,0,0,0,0,0,1,1,0,1,0,0,Rural,0,0,0,0
1097,Honduras,12,12,1,1,1,1,1,0,0,0,0,0,0,1,1,Urban,1,0,0,0
1098,Honduras,16,15,1,1,0,0,0,0,0,1,1,1,1,1,1,Rural,0,0,0,1
1099,Honduras,16,7,1,1,0,1,0,0,1,0,1,1,0,1,1,Urban,0,0,0,0
1100,Honduras,6,0,1,0,0,0,0,0,0,0,0,0,0,0,0,Urban,0,1,1,0
1101,Honduras,7,4,1,1,0,1,1,0,1,0,1,1,0,1,1,Urban,0,1,1,0
1102,Honduras,1,NA,0,0,0,1,0,0,0,0,1,0,0,NA,0,Rural,0,1,0,0
1103,Honduras,6,NA,1,1,0,1,0,0,0,0,1,1,0,1,0,Rural,0,0,0,0
1104,Honduras,1,14,1,1,1,1,0,1,1,1,1,1,1,1,1,Urban,0,0,0,0
1105,Honduras,12,2,0,1,0,1,0,0,1,0,0,0,1,NA,0,Rural,1,0,0,0
1106,Honduras,3,0,0,0,0,0,0,0,0,0,1,0,0,NA,0,Rural,1,0,0,0
1107,Honduras,12,13,1,1,0,1,0,0,1,1,1,1,1,1,1,Rural,0,1,1,0
1108,Honduras,6,2,1,1,1,1,0,0,0,0,1,1,0,0,0,Urban,1,1,1,0
1109,Honduras,9,4,1,1,0,1,0,0,0,0,0,1,0,1,1,Rural,0,0,0,1
1110,Honduras,5,0,1,1,0,1,0,0,1,1,0,0,1,0,0,Rural,1,0,0,1
1111,Honduras,0,NA,0,0,0,1,0,0,0,0,0,0,0,NA,0,Rural,0,1,NA,0
1112,Honduras,6,0,1,0,1,1,0,0,0,0,0,0,0,0,0,Urban,1,1,1,0
1113,Honduras,4,8,0,0,0,1,0,0,0,0,1,0,0,NA,0,Rural,0,0,0,0
1114,Honduras,5,1,1,1,0,1,0,0,1,0,1,1,0,1,1,Rural,1,1,1,0
1115,Honduras,2,5,1,0,0,1,0,0,0,0,0,0,0,1,0,Urban,0,0,0,0
1116,Honduras,6,9,1,0,0,1,0,0,0,0,1,0,0,1,0,Urban,0,0,0,0
1117,Honduras,4,0,1,1,1,1,0,0,1,1,1,1,0,0,0,Urban,0,0,0,0
1118,Honduras,0,4,0,1,0,1,0,0,0,0,0,0,0,NA,0,Rural,0,1,1,0
1119,Honduras,6,NA,1,0,0,0,0,0,0,0,0,1,0,1,0,Rural,1,0,0,0
1120,Honduras,12,15,1,1,0,1,3,1,1,1,1,1,1,1,1,Urban,1,0,0,0
1121,Honduras,10,5,1,1,1,1,1,0,1,0,1,1,1,1,1,Urban,0,1,1,0
1122,Honduras,5,7,0,1,0,0,0,0,0,1,1,1,0,NA,0,Urban,0,1,0,0
1123,Honduras,6,2,1,1,0,1,0,0,0,0,1,0,0,0,0,Urban,0,0,0,0
1124,Honduras,6,4,1,1,0,1,0,0,1,0,1,1,1,1,1,Rural,0,1,1,0
1125,Honduras,7,0,1,1,0,1,0,0,1,0,1,1,0,1,0,Urban,0,0,0,0
1126,Honduras,5,2,1,1,0,1,0,0,0,0,1,1,0,1,0,Urban,0,0,0,0
1127,Honduras,3,0,1,1,0,1,0,0,0,0,1,0,0,0,0,Rural,1,1,1,0
1128,Honduras,9,2,1,0,0,1,0,0,0,0,1,1,0,0,0,Urban,1,0,0,0
1129,Honduras,18,6,1,1,0,1,2,0,1,1,0,0,1,1,0,Rural,1,0,0,0
1130,Honduras,12,12,1,1,1,1,0,0,0,0,1,1,0,0,1,Urban,0,0,0,0
1131,Honduras,4,1,0,0,0,1,0,0,0,0,0,1,0,NA,0,Rural,1,1,0,0
1132,Honduras,0,NA,1,1,0,1,0,1,1,0,0,1,0,1,0,Urban,0,0,0,0
1133,Honduras,6,12,1,1,0,1,1,1,0,0,1,1,1,1,1,Urban,1,0,0,0
1134,Honduras,6,1,1,1,0,1,0,0,1,0,1,1,0,1,0,Urban,0,1,1,0
1135,Honduras,6,12,1,1,0,1,1,0,0,0,1,1,0,1,0,Urban,0,0,0,0
1136,Honduras,3,5,0,0,0,1,0,0,0,0,1,0,0,NA,0,Rural,0,1,1,0
1137,Honduras,5,0,0,0,0,0,0,0,0,0,0,0,0,NA,0,Rural,0,1,0,0
1138,Honduras,0,2,1,0,0,1,1,0,0,1,0,0,0,0,0,Rural,1,0,0,0
1139,Honduras,6,4,1,0,0,0,0,0,0,0,1,0,0,1,0,Rural,0,1,0,0
1140,Honduras,10,11,1,1,0,1,0,0,0,0,1,1,0,0,0,Urban,0,0,0,0
1141,Honduras,9,2,1,1,0,1,1,0,1,0,1,0,0,1,0,Urban,0,0,0,0
1142,Honduras,10,10,1,1,0,1,2,0,0,1,1,1,1,0,1,Urban,1,0,0,0
1143,Honduras,9,3,1,1,1,1,2,0,0,0,1,1,0,1,1,Urban,0,0,0,0
1144,Honduras,6,1,0,0,0,1,0,0,0,0,1,0,0,NA,0,Urban,0,0,0,0
1145,Honduras,2,4,1,1,0,1,0,0,1,1,1,1,0,1,1,Urban,0,1,1,0
1146,Honduras,6,11,1,1,0,1,1,1,1,0,1,1,1,1,1,Urban,0,0,0,0
1147,Honduras,6,6,1,1,0,1,2,1,0,1,1,1,0,1,1,Urban,0,0,1,1
1148,Honduras,12,6,1,0,0,1,1,0,0,1,1,1,1,0,0,Urban,0,0,0,0
1149,Honduras,6,2,1,1,0,1,0,0,1,1,0,1,0,0,0,Urban,0,1,1,0
1150,Honduras,10,5,1,1,0,1,0,0,1,0,1,1,1,1,1,Urban,1,0,0,0
1151,Honduras,6,10,1,0,0,1,0,0,0,0,1,0,0,0,0,Urban,0,0,0,0
1152,Honduras,5,12,1,1,0,1,0,0,0,0,1,1,0,1,1,Urban,1,0,1,0
1153,Honduras,3,0,0,0,0,1,0,0,0,0,0,0,0,NA,0,Rural,0,1,0,0
1154,Honduras,9,10,1,1,0,1,0,0,0,0,1,1,1,0,0,Urban,0,0,0,0
1155,Honduras,6,0,1,0,0,1,0,0,0,0,1,1,0,1,0,Rural,1,0,0,0
1156,Honduras,6,4,1,1,0,1,2,0,0,0,1,0,0,1,1,Rural,0,0,0,0
1157,Honduras,14,7,1,1,1,1,0,0,1,0,1,1,0,0,0,Urban,NA,1,1,0
1158,Honduras,12,3,1,1,0,1,0,0,0,0,1,0,0,0,0,Rural,1,1,1,0
1159,Honduras,14,14,1,1,0,1,1,1,1,0,1,1,1,1,1,Urban,1,1,0,0
1160,Honduras,6,12,1,1,0,1,0,0,1,1,0,0,0,1,0,Urban,0,0,0,0
1161,Honduras,7,5,1,0,0,1,0,0,0,1,0,0,0,0,0,Urban,0,1,1,1
1162,Honduras,8,0,1,0,0,1,0,0,0,0,1,1,1,0,0,Urban,0,0,0,0
1163,Honduras,12,8,1,1,0,1,0,1,1,0,1,1,0,1,0,Urban,0,0,0,0
1164,Honduras,6,NA,0,0,0,1,0,0,0,1,1,0,0,NA,0,Rural,0,1,0,0
1165,Honduras,6,12,1,1,0,1,1,1,0,1,1,1,0,1,1,Urban,0,0,0,0
1166,Honduras,1,NA,1,0,0,1,0,0,0,0,0,0,0,0,0,Rural,0,1,0,1
1167,Honduras,6,3,1,1,0,1,0,0,0,0,1,1,0,1,0,Urban,0,0,0,0
1168,Honduras,8,NA,1,1,0,1,0,0,0,0,0,1,0,1,0,Urban,1,0,1,0
1169,Honduras,12,6,1,1,0,1,0,0,0,0,1,1,0,1,0,Urban,0,1,1,0
1170,Honduras,6,2,1,1,0,1,0,0,1,1,1,1,0,1,0,Rural,0,0,0,0
1171,Honduras,12,11,1,1,0,1,0,0,1,0,1,1,0,1,1,Urban,NA,0,0,0
1172,Honduras,6,10,1,1,0,0,0,0,1,0,1,1,0,1,0,Rural,0,0,0,0
1173,Honduras,9,NA,1,1,0,1,0,0,0,0,1,1,1,0,0,Rural,1,0,0,0
1174,Honduras,1,1,1,1,0,1,0,0,0,0,1,1,0,1,0,Rural,0,1,1,0
1175,Honduras,12,7,1,1,0,1,0,0,1,0,1,0,0,1,0,Urban,0,0,0,0
1176,Honduras,2,0,0,0,0,1,0,0,0,0,0,0,0,NA,0,Rural,0,1,0,0
1177,Honduras,3,NA,1,1,1,1,0,0,0,0,1,1,0,1,1,Urban,1,0,0,0
1178,Honduras,12,2,1,1,0,1,0,0,0,0,1,0,0,1,0,Rural,0,1,0,0
1179,Honduras,9,1,1,1,0,1,0,0,0,0,1,0,0,0,0,Urban,1,1,1,0
1180,Honduras,5,6,1,1,0,0,0,0,0,0,0,0,0,1,0,Urban,0,1,0,0
1181,Honduras,6,0,1,0,0,1,0,0,0,0,1,1,0,1,0,Urban,0,0,0,0
1182,Honduras,12,7,0,1,0,1,0,0,1,1,1,0,0,NA,0,Rural,0,1,0,0
1183,Honduras,12,0,0,1,0,1,0,0,0,0,0,0,0,NA,0,Rural,1,1,1,0
1184,Honduras,9,2,1,1,0,1,0,0,0,0,1,1,1,1,1,Urban,1,1,0,0
1185,Honduras,6,1,0,1,0,1,1,0,0,0,1,0,0,NA,0,Rural,0,1,1,0
1186,Honduras,12,8,1,1,1,1,0,0,0,0,1,0,0,0,0,Urban,1,0,0,0
1187,Honduras,8,2,1,0,0,1,0,0,0,0,1,0,0,0,0,Rural,1,1,0,0
1188,Honduras,6,NA,0,0,0,1,0,0,0,0,0,0,0,NA,0,Rural,0,0,0,1
1189,Honduras,6,4,1,1,0,1,0,0,0,0,1,1,0,1,0,Urban,1,1,1,0
1190,Honduras,8,7,1,1,1,1,0,0,1,0,1,0,0,0,0,Urban,0,0,0,0
1191,Honduras,6,10,1,1,0,1,0,0,0,0,1,1,0,0,0,Rural,0,0,0,0
1192,Honduras,6,11,1,1,0,1,0,0,0,0,1,1,0,0,0,Rural,1,0,0,0
1193,Honduras,18,NA,1,1,1,1,1,1,1,0,1,1,1,1,1,Urban,0,0,0,0
1194,Honduras,2,1,1,1,1,0,0,0,0,0,1,1,0,1,0,Urban,0,1,0,0
1195,Honduras,4,NA,1,0,1,1,0,0,0,1,1,1,0,0,0,Rural,0,1,1,0
1196,Honduras,3,0,1,1,0,1,0,1,1,0,1,1,1,1,0,Rural,0,0,0,0
1197,Honduras,9,6,1,1,0,1,0,0,0,0,1,0,0,0,0,Rural,0,0,0,0
1198,Honduras,6,14,1,1,0,0,0,0,0,1,1,1,1,0,1,Rural,0,0,0,0
1199,Honduras,12,7,1,1,0,1,0,0,0,1,1,1,0,0,0,Urban,0,0,0,0
1200,Honduras,6,2,1,0,0,1,0,0,0,0,1,1,0,0,0,Urban,0,1,1,0
1201,Honduras,6,10,1,0,0,0,0,0,0,0,1,1,0,1,0,Rural,0,0,0,0
1202,Honduras,11,7,0,0,0,1,1,0,0,1,0,0,0,NA,0,Rural,0,0,0,0
1203,Honduras,6,9,0,1,0,1,0,0,0,0,0,0,0,NA,0,Urban,1,1,1,0
1204,Honduras,11,NA,1,1,0,1,1,0,1,1,0,1,0,1,1,Urban,1,0,0,0
1205,Honduras,2,4,0,1,0,0,0,0,0,0,1,1,0,NA,0,Urban,0,1,1,0
1206,Honduras,6,1,1,1,0,1,0,1,1,0,1,1,1,1,1,Urban,0,1,0,0
1207,Honduras,12,14,1,1,0,1,0,0,0,1,1,1,1,1,1,Urban,1,0,0,0
1208,Honduras,12,13,1,1,0,1,0,0,1,0,1,1,0,1,NA,Urban,1,0,0,0
1209,Honduras,6,2,0,0,0,1,0,0,0,0,0,0,0,NA,0,Rural,0,0,0,0
1210,Honduras,3,9,1,1,0,1,0,0,0,0,1,1,0,1,0,Rural,0,0,0,0
1211,Honduras,NA,NA,0,1,0,1,0,0,0,0,1,0,0,NA,0,Rural,1,0,0,0
1212,Honduras,12,NA,0,0,0,1,0,0,0,0,1,0,1,NA,0,Rural,1,1,1,0
1213,Honduras,3,NA,1,0,0,1,0,0,0,0,1,1,0,1,0,Urban,1,1,0,0
1214,Honduras,9,1,1,0,0,1,0,0,0,0,1,1,0,0,0,Urban,1,1,1,0
1215,Honduras,4,7,1,1,0,1,1,1,0,0,1,1,0,1,1,Rural,0,0,0,0
1216,Honduras,5,4,1,1,0,1,0,0,0,1,0,0,0,0,0,Urban,0,0,0,0
1217,Honduras,6,0,1,0,0,1,0,0,0,1,1,0,0,0,0,Rural,1,0,0,0
1218,Honduras,6,2,1,1,1,1,2,0,1,0,1,1,0,1,0,Rural,0,0,0,0
1219,Honduras,3,3,1,1,0,0,1,0,0,1,1,1,0,1,0,Rural,0,0,0,0
1220,Honduras,4,5,1,0,0,1,0,0,1,0,1,1,0,1,0,Urban,0,0,0,1
1221,Honduras,12,11,1,1,0,1,0,0,0,1,1,1,0,1,0,Urban,0,1,1,0
1222,Honduras,11,NA,1,1,0,0,0,0,0,0,1,1,0,0,0,Rural,0,0,0,0
1223,Honduras,16,14,1,1,1,1,1,1,1,0,1,1,1,1,0,Urban,1,0,0,0
1224,Honduras,3,7,1,0,0,1,0,0,0,0,1,1,0,0,0,Urban,1,1,1,0
1225,Honduras,6,3,1,1,0,1,0,0,1,0,1,1,0,1,0,Rural,1,0,0,0
1226,Honduras,6,1,1,0,0,1,0,0,0,0,0,1,0,0,0,Urban,1,1,1,0
1227,Honduras,18,13,1,1,0,1,0,0,0,0,1,1,1,0,1,Urban,1,1,0,0
1228,Honduras,6,1,1,1,1,1,0,1,1,0,1,0,1,1,1,Urban,0,0,1,1
1229,Honduras,6,11,1,1,0,1,0,0,1,0,1,1,0,1,0,Urban,0,0,0,0
1230,Honduras,12,13,1,1,0,1,0,0,0,0,0,1,0,0,0,Urban,1,0,0,0
1231,Honduras,12,4,1,1,0,1,0,0,0,1,1,0,0,1,0,Rural,0,0,0,0
1232,Honduras,8,13,0,0,0,1,0,0,0,1,0,1,0,NA,0,Rural,1,1,1,0
1233,Honduras,4,2,0,0,0,1,0,0,0,0,0,0,0,NA,0,Rural,0,0,0,0
1234,Honduras,6,NA,1,0,0,1,0,0,0,1,0,0,0,1,0,Rural,0,0,0,0
1235,Honduras,6,NA,0,0,0,0,0,0,0,0,0,0,0,NA,0,Rural,0,1,0,0
1236,Honduras,9,3,1,1,0,1,0,0,0,1,1,1,0,1,0,Urban,0,0,0,0
1237,Honduras,8,1,0,1,0,0,0,0,0,0,1,0,0,NA,0,Urban,1,1,1,0
1238,Honduras,4,NA,1,1,0,1,0,0,0,0,1,0,0,0,0,Urban,0,0,0,0
1239,Honduras,6,3,1,1,0,0,0,0,0,0,1,0,0,1,0,Rural,0,0,0,0
1240,Honduras,9,NA,1,1,0,1,1,1,1,0,1,1,0,1,1,Urban,1,0,0,0
1241,Honduras,8,0,1,0,0,1,1,0,0,0,1,0,0,1,0,Rural,0,0,0,0
1242,Honduras,10,12,1,1,0,1,1,0,0,1,1,1,1,1,1,Rural,1,1,1,0
1243,Honduras,12,2,1,0,0,1,0,0,0,0,0,0,0,0,0,Urban,0,1,1,0
1244,Honduras,6,2,1,0,0,1,0,0,0,1,1,0,0,0,0,Rural,1,1,1,0
1245,Honduras,12,13,1,1,0,1,1,1,1,0,1,1,1,0,1,Urban,1,0,0,0
1246,Honduras,9,1,1,1,0,1,0,0,1,0,1,0,0,0,0,Urban,1,0,0,0
1247,Honduras,12,8,1,1,0,1,1,0,0,1,1,1,0,1,0,Rural,0,1,1,0
1248,Honduras,6,NA,1,1,0,1,0,0,0,0,1,1,0,0,0,Rural,0,0,0,0
1249,Honduras,6,11,1,1,0,1,0,0,0,0,0,0,0,1,0,Urban,0,0,1,0
1250,Honduras,7,1,1,0,0,1,0,0,0,0,1,1,0,0,0,Rural,0,0,0,0
1251,Honduras,3,2,1,1,0,1,0,1,0,1,1,1,0,1,1,Rural,0,0,0,0
1252,Honduras,8,13,1,1,0,1,0,1,0,0,1,1,0,1,0,Urban,0,0,0,0
1253,Honduras,3,NA,1,0,0,1,0,0,0,0,1,1,0,1,1,Rural,0,1,0,0
1254,Honduras,12,13,1,1,0,1,0,1,0,0,1,1,1,0,0,Urban,1,0,0,0
1255,Honduras,5,4,1,1,0,1,2,1,1,1,0,1,1,1,1,Urban,0,0,1,0
1256,Honduras,11,8,1,1,0,1,1,1,0,0,1,1,0,1,1,Rural,0,1,0,0
1257,Honduras,6,0,0,0,0,1,0,0,0,0,0,0,0,NA,0,Rural,1,1,1,0
1258,Honduras,4,9,0,0,0,1,0,0,0,0,0,0,0,NA,0,Rural,0,1,1,0
1259,Honduras,18,NA,1,1,0,1,0,0,0,0,1,1,1,0,1,Rural,1,0,0,0
1260,Honduras,12,13,1,1,1,1,1,1,1,0,1,1,1,1,1,Urban,0,0,0,0
1261,Honduras,12,10,1,1,0,1,0,0,0,0,0,0,0,1,0,Rural,0,0,0,0
1262,Honduras,6,NA,1,1,0,1,0,0,0,0,1,0,0,1,0,Rural,0,0,0,0
1263,Honduras,1,0,0,0,0,0,0,0,0,0,0,0,0,NA,0,Rural,0,1,0,0
1264,Honduras,12,4,1,1,0,1,0,0,0,0,1,1,0,1,0,Urban,1,1,0,0
1265,Honduras,12,NA,1,1,0,1,2,1,1,0,1,1,0,1,0,Urban,0,0,0,0
1266,Honduras,2,3,1,1,0,1,0,0,0,0,1,0,0,1,0,Rural,0,1,0,0
1267,Honduras,10,3,1,1,0,1,0,1,1,0,0,1,0,0,0,Urban,1,1,1,0
1268,Honduras,12,8,1,0,0,1,0,0,0,1,0,0,0,1,1,Urban,0,0,0,0
1269,Honduras,0,1,0,0,0,0,0,0,0,0,1,0,0,NA,0,Urban,1,1,1,0
1270,Honduras,8,0,1,1,0,1,0,0,0,0,1,1,0,0,0,Urban,1,0,0,0
1271,Honduras,6,3,0,0,0,1,0,0,0,1,1,0,0,NA,0,Rural,1,0,0,0
1272,Honduras,0,0,1,1,0,1,0,0,0,0,1,0,0,0,0,Urban,0,0,0,0
1273,Honduras,6,NA,1,1,0,1,1,1,0,0,1,0,0,0,1,Rural,0,0,0,0
1274,Honduras,4,0,1,1,0,0,0,0,0,0,0,0,0,0,0,Urban,1,1,1,0
1275,Honduras,6,13,1,1,0,1,0,1,1,0,1,1,1,0,1,Urban,1,0,0,1
1276,Honduras,6,0,0,1,0,1,0,0,0,0,0,0,0,NA,0,Rural,1,1,0,1
1277,Honduras,6,0,1,0,0,1,0,0,0,0,0,0,0,0,0,Rural,0,0,0,0
1278,Honduras,8,12,1,1,0,1,0,0,1,1,0,0,0,1,0,Rural,0,0,0,0
1279,Honduras,4,3,1,1,0,1,1,0,0,0,1,1,0,1,0,Urban,1,1,0,0
1280,Honduras,12,1,1,1,0,1,0,0,0,0,0,1,0,1,0,Rural,0,0,0,0
1281,Honduras,2,3,1,1,0,1,0,0,1,0,0,0,0,1,0,Rural,0,0,0,0
1282,Honduras,12,1,1,1,0,1,0,0,0,0,0,1,0,1,0,Urban,0,0,0,0
1283,Honduras,8,10,1,1,0,1,0,0,0,1,1,1,1,1,0,Urban,0,0,0,0
1284,Honduras,6,8,1,1,0,1,1,0,0,0,1,1,0,0,0,Rural,0,0,1,0
1285,Honduras,3,NA,0,0,0,1,0,0,0,0,0,0,0,NA,0,Rural,1,1,0,0
1286,Honduras,12,14,1,1,0,1,0,1,1,0,1,1,1,1,1,Urban,0,1,0,0
1287,Honduras,4,6,1,0,0,0,0,0,0,1,0,0,0,1,0,Rural,1,0,0,0
1288,Honduras,6,1,1,0,0,0,0,0,0,0,1,0,0,1,0,Urban,0,0,1,0
1289,Honduras,6,3,1,1,0,1,0,0,0,0,1,0,0,0,0,Rural,0,1,0,0
1290,Honduras,2,1,0,0,0,0,0,0,0,1,1,1,0,NA,0,Rural,1,1,1,0
1291,Honduras,6,NA,0,0,0,1,0,0,0,0,0,0,0,NA,0,Rural,0,0,0,0
1292,Honduras,11,NA,0,1,0,1,0,0,0,0,1,1,0,NA,0,Urban,1,0,0,0
1293,Honduras,6,10,0,0,0,0,0,0,0,0,1,1,0,NA,0,Urban,0,1,1,0
1294,Honduras,3,NA,0,0,0,1,0,0,0,0,0,0,0,NA,0,Rural,0,1,1,0
1295,Honduras,6,14,1,1,0,1,0,1,1,0,1,1,0,1,0,Urban,0,0,0,0
1296,Honduras,12,11,1,1,0,1,0,0,0,1,1,0,0,1,0,Urban,0,0,0,0
1297,Honduras,12,5,1,1,0,1,0,1,1,0,1,1,0,1,1,Urban,1,0,0,0
1298,Honduras,6,2,1,1,0,1,0,0,0,0,1,1,0,0,0,Urban,1,1,0,0
1299,Honduras,12,13,1,1,0,1,0,1,1,0,1,1,0,1,0,Rural,0,0,0,1
1300,Honduras,6,0,0,0,0,1,0,0,0,0,1,1,0,NA,1,Urban,1,1,1,1
1301,Honduras,6,2,1,1,0,1,0,0,1,1,1,1,0,0,0,Rural,NA,1,1,1
1302,Honduras,3,5,1,1,0,0,0,0,1,1,1,1,0,1,0,Urban,0,1,1,0
1303,Honduras,4,2,0,0,0,1,0,0,0,0,1,0,0,NA,0,Rural,0,0,0,0
1304,Honduras,6,10,1,1,0,1,0,0,1,1,1,0,0,0,0,Rural,1,1,0,0
1305,Honduras,12,12,1,1,0,1,1,0,1,1,1,1,0,0,1,Rural,0,0,0,0
1306,Honduras,3,0,1,0,0,1,0,0,0,0,1,0,0,0,0,Rural,0,1,1,0
1307,Honduras,12,NA,1,1,1,1,0,1,1,1,1,1,1,1,1,Urban,0,0,0,0
1308,Honduras,12,4,1,1,0,1,1,0,1,1,1,1,0,1,1,Urban,1,0,0,0
1309,Honduras,3,1,0,0,0,0,0,0,0,0,0,0,0,NA,0,Rural,1,1,0,0
1310,Honduras,9,4,1,1,1,1,2,1,1,0,1,1,1,1,0,Rural,1,0,0,0
1311,Honduras,12,14,1,1,1,1,2,1,1,0,1,1,0,1,1,Urban,0,0,0,0
1312,Honduras,NA,5,1,1,1,1,0,0,0,0,1,1,0,1,0,Urban,0,0,0,0
1313,Honduras,2,7,1,1,0,1,0,0,0,0,1,1,0,0,0,Rural,1,1,0,0
1314,Honduras,12,6,1,1,0,1,2,0,0,0,1,0,1,1,1,Rural,0,1,0,0
1315,Honduras,9,0,1,1,0,1,0,0,0,1,1,1,0,1,0,Rural,1,1,1,0
1316,Honduras,9,9,1,1,0,1,0,1,1,0,1,0,0,0,1,Urban,1,1,0,0
1317,Honduras,6,NA,1,0,0,1,0,0,0,0,0,0,0,1,0,Rural,0,0,0,0
1318,Honduras,3,4,1,1,1,1,0,0,0,0,1,0,0,0,0,Rural,1,1,1,0
1319,Honduras,6,13,1,1,0,1,2,0,0,1,0,0,1,1,1,Rural,0,0,0,0
1320,Honduras,NA,0,1,1,0,1,0,0,0,0,1,1,0,0,1,Urban,0,0,0,0
1321,Honduras,3,NA,1,1,0,1,0,0,0,0,0,0,0,0,0,Rural,0,0,0,0
1322,Honduras,8,10,1,1,1,1,0,0,0,0,1,1,0,1,0,Urban,0,0,0,0
1323,Honduras,12,13,1,1,0,1,1,0,0,1,1,1,0,0,0,Urban,0,1,1,0
1324,Honduras,14,12,1,1,0,1,1,1,1,0,1,1,0,0,1,Urban,1,0,0,0
1325,Honduras,7,0,1,1,1,1,0,0,0,0,1,1,0,0,0,Urban,0,1,1,0
1326,Honduras,9,2,1,0,0,1,0,0,0,1,1,0,0,0,0,Rural,1,1,1,0
1327,Honduras,13,11,1,1,0,1,0,0,0,0,1,0,0,0,0,Urban,0,1,0,0
1328,Honduras,2,NA,1,1,1,1,0,0,0,0,1,1,0,1,0,Urban,0,0,0,0
1329,Honduras,12,5,1,1,0,1,0,0,0,0,1,0,0,1,0,Rural,1,0,0,0
1330,Honduras,NA,1,1,1,0,1,0,0,0,0,0,0,1,0,0,Rural,1,1,1,0
1331,Honduras,6,2,1,1,1,1,0,0,0,0,1,0,0,0,0,Urban,0,1,1,0
1332,Honduras,14,7,1,1,1,1,0,1,1,0,1,1,0,0,1,Urban,0,1,0,0
1333,Honduras,1,4,1,0,0,1,0,0,0,0,1,0,0,1,0,Rural,0,1,0,0
1334,Honduras,2,0,1,1,0,0,0,0,0,1,0,0,0,0,0,Rural,0,1,1,0
1335,Honduras,12,12,1,1,0,1,1,1,0,0,1,1,0,1,0,Urban,0,0,1,0
1336,Honduras,18,13,1,1,1,1,1,1,1,0,1,1,1,1,1,Urban,0,0,0,0
1337,Honduras,9,5,1,1,0,1,0,0,0,0,1,0,0,0,1,Urban,0,1,1,0
1338,Honduras,6,11,1,1,0,1,0,0,0,0,1,1,0,0,0,Rural,0,0,0,0
1339,Honduras,4,3,1,1,1,1,1,0,1,1,1,1,0,1,1,Urban,1,0,0,0
1340,Honduras,5,10,1,1,0,1,0,0,0,0,1,1,0,1,0,Urban,1,1,1,0
1341,Honduras,14,NA,1,1,0,1,0,0,1,0,1,1,1,1,1,Urban,0,1,1,0
1342,Honduras,13,13,1,1,0,1,0,0,0,1,1,1,0,0,1,Urban,1,1,1,0
1343,Honduras,15,14,1,1,0,1,1,1,1,0,1,1,1,1,1,Urban,1,0,0,0
1344,Honduras,12,11,1,1,0,1,0,1,0,0,1,1,0,1,0,Urban,1,1,0,0
1345,Honduras,18,NA,1,1,0,1,1,0,1,0,1,1,0,0,0,Urban,0,NA,NA,0
1346,Honduras,6,12,1,1,1,1,0,1,1,0,1,1,0,0,0,Urban,0,0,0,0
1347,Honduras,0,0,1,0,0,0,0,0,0,0,1,0,0,0,0,Urban,0,1,0,0
1348,Honduras,3,2,1,1,0,1,0,0,0,0,1,1,0,0,0,Urban,0,0,0,0
1349,Honduras,17,NA,1,1,1,1,2,1,1,0,1,1,1,1,1,Urban,0,0,0,0
1350,Honduras,2,3,1,1,0,1,0,0,0,0,0,0,0,1,0,Rural,0,1,0,0
1351,Honduras,12,2,1,1,0,1,0,0,1,0,1,1,0,0,0,Rural,0,0,0,0
1352,Honduras,6,4,1,0,0,1,0,0,0,0,1,0,0,0,0,Rural,0,0,0,0
1353,Honduras,6,7,1,1,0,1,0,0,1,0,0,0,0,0,0,Urban,0,1,0,0
1354,Honduras,1,10,1,0,0,1,0,0,0,0,0,0,0,0,0,Rural,0,1,1,0
1355,Honduras,1,NA,1,0,0,1,0,0,0,0,0,0,0,0,0,Rural,0,1,1,0
1356,Honduras,12,11,1,1,0,1,1,0,0,1,1,1,0,1,1,Rural,0,0,0,0
1357,Honduras,6,9,1,1,0,1,0,0,0,0,1,0,1,1,0,Rural,0,0,0,0
1358,Honduras,12,7,1,1,0,1,0,0,0,0,1,0,0,1,0,Urban,0,0,0,0
1359,Honduras,17,13,1,1,0,1,0,0,1,0,1,1,0,1,1,Urban,0,0,0,0
1360,Honduras,0,14,1,0,1,1,1,0,0,1,1,0,0,1,0,Rural,0,0,0,0
1361,Honduras,3,NA,0,1,0,1,0,0,0,1,1,0,0,NA,0,Rural,0,1,1,0
1362,Honduras,9,0,1,1,0,1,1,0,1,1,1,1,0,1,0,Rural,0,0,0,0
1363,Honduras,17,11,1,1,1,1,0,1,1,0,1,1,1,0,0,Urban,1,0,0,0
1364,Honduras,9,NA,1,1,0,1,1,0,0,0,0,0,0,1,0,Rural,0,1,0,0
1365,Honduras,6,0,1,1,0,1,0,0,1,0,1,1,0,1,0,Rural,1,1,1,0
1366,Honduras,8,5,1,1,0,1,0,0,0,0,0,0,0,0,0,Rural,0,0,0,0
1367,Honduras,2,6,1,1,0,1,0,1,0,0,1,1,0,1,0,Urban,0,1,0,0
1368,Honduras,6,7,1,1,0,1,0,0,0,1,1,1,0,1,1,Urban,0,0,0,0
1369,Honduras,3,1,0,1,0,1,0,0,0,0,1,1,0,NA,0,Rural,0,1,1,0
1370,Honduras,7,5,1,1,0,1,0,0,1,0,1,0,1,0,1,Rural,1,0,0,0
1371,Honduras,9,11,1,1,0,1,0,0,1,1,0,0,1,1,0,Urban,0,0,0,0
1372,Honduras,12,3,1,1,0,1,0,0,1,0,1,1,1,0,1,Rural,1,1,1,1
1373,Honduras,5,NA,1,1,0,1,0,0,1,1,1,0,0,1,0,Urban,1,1,1,0
1374,Honduras,6,7,1,1,0,1,0,0,0,1,0,0,0,0,0,Urban,0,0,0,0
1375,Honduras,6,1,0,1,0,0,0,0,0,0,1,1,0,NA,0,Rural,1,1,1,0
1376,Honduras,6,11,1,1,0,1,0,0,1,0,1,1,0,1,0,Urban,0,1,0,0
1377,Honduras,8,11,1,1,1,1,1,0,1,0,1,1,0,1,1,Urban,0,1,0,0
1378,Honduras,4,1,0,0,0,1,0,0,0,0,0,0,0,NA,0,Rural,1,0,0,0
1379,Honduras,4,1,0,0,0,0,0,0,0,0,0,0,0,NA,0,Rural,1,1,1,0
1380,Honduras,12,14,1,1,0,1,0,0,0,0,1,0,0,1,1,Urban,1,0,0,1
1381,Honduras,9,9,1,1,0,0,0,0,0,1,1,1,0,0,0,Urban,0,0,0,0
1382,Honduras,6,0,1,1,0,1,0,0,0,1,0,0,0,0,0,Rural,0,0,0,0
1383,Honduras,8,12,1,1,0,1,0,1,1,0,1,1,0,1,0,Urban,0,0,0,0
1384,Honduras,6,13,1,1,0,1,0,0,0,0,1,1,0,0,0,Urban,1,1,1,1
1385,Honduras,12,1,1,1,0,1,0,0,0,0,1,0,0,1,0,Rural,1,0,0,0
1386,Honduras,9,7,1,1,0,1,0,1,0,0,1,1,0,1,0,Rural,0,0,0,0
1387,Honduras,6,7,1,1,0,1,0,0,1,0,1,1,0,0,1,Urban,1,0,0,0
1388,Honduras,6,2,1,1,0,1,0,0,0,0,0,0,0,0,0,Rural,0,0,0,0
1389,Honduras,3,0,0,0,0,1,0,0,0,0,0,0,0,NA,0,Rural,1,1,1,0
1390,Honduras,0,NA,0,1,0,1,0,0,0,0,1,1,0,NA,0,Urban,0,1,0,0
1391,Honduras,4,0,0,0,0,1,0,0,0,0,1,1,0,NA,0,Rural,0,0,0,0
1392,Honduras,2,3,0,1,0,0,0,0,1,1,1,1,1,NA,0,Urban,0,1,1,1
1393,Honduras,0,NA,1,0,0,1,0,0,0,0,1,0,0,1,0,Rural,0,1,NA,0
1394,Honduras,8,0,1,1,0,0,0,0,0,0,0,0,0,1,0,Rural,0,1,1,0
1395,Honduras,13,13,1,1,0,1,0,0,1,0,1,1,0,0,1,Urban,1,0,0,0
1396,Honduras,1,1,0,0,0,0,0,0,0,0,0,0,0,NA,0,Rural,1,1,1,0
1397,Honduras,12,8,1,1,0,1,0,0,0,1,1,1,1,1,1,Urban,1,0,0,0
1398,Honduras,3,1,1,1,0,1,0,0,1,0,1,1,0,1,1,Rural,1,0,0,0
1399,Honduras,8,NA,1,1,0,1,0,0,0,0,1,1,0,1,1,Urban,1,1,0,0
1400,Honduras,12,15,1,1,0,1,1,1,1,1,1,0,1,0,1,Rural,1,0,0,0
1401,Honduras,2,4,0,0,0,1,0,0,0,0,0,0,0,NA,0,Rural,1,1,0,0
1402,Honduras,12,NA,1,0,1,1,0,0,0,0,1,1,1,1,1,Urban,1,0,0,0
1403,Honduras,12,11,1,1,0,1,0,0,0,0,0,1,1,1,0,Rural,0,0,0,0
1404,Honduras,6,13,0,1,0,1,0,0,0,0,0,0,0,NA,0,Urban,0,1,0,0
1405,Honduras,6,NA,1,1,0,1,0,0,1,0,1,0,0,0,0,Urban,0,0,0,0
1406,Honduras,6,1,1,1,0,1,0,0,0,0,1,0,0,0,0,Rural,1,0,0,0
1407,Honduras,0,NA,1,1,1,1,0,0,0,0,1,1,0,0,0,Urban,0,NA,1,0
1408,Honduras,9,0,1,1,0,1,1,0,0,0,1,1,0,1,0,Urban,1,0,0,0
1409,Honduras,6,0,1,1,0,1,0,0,0,0,0,1,1,0,1,Urban,0,0,0,NA
1410,Honduras,12,7,1,1,0,1,1,0,0,0,1,1,0,0,0,Urban,1,0,0,0
1411,Honduras,3,14,0,1,0,1,0,1,0,0,1,1,0,NA,0,Rural,0,1,0,0
1412,Honduras,12,2,1,1,0,1,0,0,0,0,1,0,0,1,0,Rural,1,0,0,0
1413,Honduras,4,11,1,1,0,1,0,1,0,0,1,0,0,0,0,Rural,0,1,1,0
1414,Honduras,6,4,1,1,0,1,0,0,0,1,1,1,0,0,0,Rural,0,1,1,0
1415,Honduras,4,1,0,0,0,0,0,0,0,0,0,0,0,NA,0,Rural,0,1,1,1
1416,Honduras,13,13,0,1,0,1,2,1,1,0,1,1,1,NA,1,Urban,1,0,0,0
1417,Honduras,12,14,1,1,0,1,1,0,0,0,1,0,1,1,0,Rural,0,0,0,0
1418,Honduras,6,0,1,1,0,1,3,1,0,0,1,1,0,1,1,Urban,1,0,0,0
1419,Honduras,4,0,0,0,0,0,0,0,0,1,1,1,0,NA,0,Rural,1,1,1,0
1420,Honduras,6,2,1,1,0,1,0,1,1,0,1,1,1,1,0,Urban,0,0,0,0
1421,Honduras,6,NA,1,0,0,0,0,0,0,0,1,0,0,0,0,Rural,0,0,0,0
1422,Honduras,7,0,0,0,0,1,0,0,0,0,0,0,0,NA,0,Rural,1,1,0,1
1423,Honduras,6,7,1,1,0,1,0,0,1,0,1,1,0,1,1,Rural,0,0,0,0
1424,Honduras,8,0,1,1,0,1,1,0,0,0,1,0,0,1,0,Urban,0,1,1,0
1425,Honduras,8,8,1,1,1,1,0,0,1,0,1,1,0,0,1,Urban,0,0,0,0
1426,Honduras,0,3,1,1,0,0,0,0,0,0,1,1,0,1,0,Urban,0,1,0,0
1427,Honduras,13,NA,1,1,0,1,2,0,1,0,1,1,1,0,1,Urban,1,0,0,0
1428,Honduras,6,12,1,1,0,1,1,1,0,0,1,1,0,1,1,Urban,1,1,0,0
1429,Honduras,4,0,1,1,0,0,0,0,0,1,0,0,0,0,0,Rural,0,0,0,0
1430,Honduras,6,11,1,1,0,1,0,0,0,0,1,1,0,1,0,Urban,0,1,1,0
1431,Honduras,NA,NA,1,1,0,0,0,0,0,0,0,1,0,0,1,Rural,0,0,0,1
1432,Honduras,9,9,1,1,0,0,0,0,0,0,1,1,0,0,0,Urban,1,0,0,0
1433,Honduras,6,13,1,1,0,1,1,0,1,1,1,1,1,0,0,Rural,0,0,0,0
1434,Honduras,6,NA,1,0,0,0,0,0,0,0,1,1,0,1,0,Rural,1,0,0,0
1435,Honduras,17,8,1,1,0,0,0,0,0,1,1,0,0,1,0,Urban,0,0,0,0
1436,Honduras,13,11,0,1,0,1,0,0,0,0,0,0,1,NA,0,Urban,1,1,1,0
1437,Honduras,3,NA,0,0,0,1,0,0,0,0,0,0,0,NA,0,Rural,0,0,0,0
1438,Honduras,18,14,1,1,1,1,1,0,0,1,1,0,0,1,0,Urban,0,0,0,0
1439,Honduras,9,0,1,1,0,1,0,1,1,0,0,1,0,1,1,Rural,1,0,1,0
1440,Honduras,9,2,1,0,0,1,1,0,0,1,0,1,0,1,0,Rural,0,1,0,1
1441,Honduras,6,6,0,0,0,0,0,0,0,1,1,1,0,NA,0,Rural,0,1,1,0
1442,Honduras,10,6,1,1,1,1,1,1,0,1,1,1,1,1,1,Rural,1,0,0,0
1443,Honduras,9,4,0,0,0,1,0,0,0,0,1,1,0,NA,0,Urban,0,1,1,0
1444,Honduras,0,NA,1,1,1,1,0,0,0,1,1,0,0,0,0,Urban,0,0,0,0
1445,Honduras,6,13,1,1,0,1,0,1,1,0,1,1,0,1,1,Urban,1,0,0,0
1446,Honduras,2,11,1,1,0,1,0,0,0,1,1,1,1,1,0,Rural,1,0,0,0
1447,Honduras,8,4,1,0,0,1,0,0,0,0,1,0,0,0,0,Urban,1,0,1,1
1448,Honduras,16,14,1,1,0,1,2,1,1,0,1,1,1,1,1,Urban,1,0,0,0
1449,Honduras,0,1,1,1,0,0,0,0,0,0,1,0,0,0,0,Rural,0,1,1,0
1450,Honduras,9,3,1,1,0,1,0,0,0,1,1,0,1,0,1,Urban,1,1,1,0
1451,Honduras,18,15,1,1,0,1,2,1,1,0,1,1,1,1,1,Urban,0,0,0,0
1452,Honduras,14,13,1,1,0,1,1,1,1,0,1,1,0,1,1,Urban,1,1,0,0
1453,Honduras,9,0,0,0,0,1,0,0,0,0,0,1,0,NA,0,Rural,0,0,0,0
1454,Honduras,2,6,1,1,0,1,0,0,1,0,1,1,0,1,0,Urban,1,1,1,0
1455,Honduras,6,8,1,1,0,1,0,0,0,0,0,1,0,0,0,Rural,0,0,0,0
1456,Honduras,9,7,1,1,0,0,0,1,0,1,0,0,0,0,1,Rural,1,1,1,0
1457,Honduras,3,13,1,1,0,1,0,0,0,0,1,1,0,1,0,Rural,0,0,0,0
1458,Honduras,0,2,1,0,0,1,0,0,0,0,1,0,0,0,0,Urban,0,1,1,0
1459,Honduras,4,4,1,1,0,1,0,0,1,0,1,0,0,0,0,Urban,0,1,1,0
1460,Honduras,12,3,1,1,0,1,0,0,1,0,1,1,1,0,0,Urban,1,1,1,0
1461,Honduras,9,NA,1,1,1,0,0,0,0,0,0,1,0,0,1,Urban,0,1,1,0
1462,Honduras,12,12,1,1,0,1,0,0,0,0,1,1,0,1,0,Urban,0,0,0,0
1463,Honduras,18,15,1,1,1,1,3,1,1,0,1,1,1,1,1,Urban,0,0,0,0
1464,Honduras,2,NA,1,1,0,1,0,0,0,0,1,1,0,1,0,Rural,NA,1,1,0
1465,Honduras,2,NA,0,1,0,1,0,0,0,1,1,0,0,NA,0,Rural,1,1,0,0
1466,Honduras,2,NA,1,1,1,1,2,1,1,0,1,1,NA,1,1,Urban,0,0,0,0
1467,Honduras,3,10,1,0,0,1,0,0,0,0,0,0,0,0,0,Urban,1,1,0,0
1468,Honduras,13,15,1,1,0,1,1,0,1,1,1,1,1,1,1,Rural,1,0,0,0
1469,Honduras,11,12,1,1,1,1,2,1,0,0,1,1,1,0,1,Urban,1,0,0,0
1470,Honduras,6,1,1,1,1,1,0,0,0,0,1,1,0,1,0,Urban,0,0,0,1
1471,Honduras,18,8,1,1,0,1,2,1,1,0,1,1,1,0,1,Urban,0,0,0,0
1472,Honduras,9,1,0,1,0,1,0,0,0,1,1,1,0,NA,0,Rural,1,0,0,0
1473,Honduras,6,0,0,1,0,1,0,0,0,0,1,1,0,NA,0,Urban,1,0,0,0
1474,Honduras,6,13,1,1,0,1,0,0,0,0,1,1,0,0,0,Urban,0,0,1,0
1475,Honduras,11,15,1,1,0,1,1,1,1,1,1,1,1,1,1,Rural,0,0,0,0
1476,Honduras,2,2,0,0,0,1,0,0,0,0,0,0,0,NA,0,Rural,0,1,1,1
1477,Honduras,9,10,1,1,0,1,0,0,0,1,0,0,0,0,0,Rural,0,0,0,0
1478,Honduras,15,15,1,1,1,1,2,1,1,0,1,1,1,1,1,Urban,0,0,0,0
1479,Honduras,5,0,1,1,1,1,0,0,0,0,1,1,0,0,0,Rural,0,1,1,0
1480,Honduras,5,4,1,1,0,1,0,NA,NA,NA,NA,1,0,1,0,Rural,1,0,0,0
1481,Honduras,1,4,1,1,0,0,0,0,0,0,1,1,0,0,0,Rural,0,1,1,1
1482,Honduras,4,NA,1,1,0,1,1,0,0,1,1,1,1,1,0,Rural,0,0,0,1
1483,Honduras,8,NA,1,1,0,0,0,0,0,0,1,1,0,1,1,Urban,1,0,0,0
1484,Honduras,6,4,1,0,0,0,0,0,0,0,0,0,0,0,0,Rural,0,0,0,0
1485,Honduras,6,0,0,0,0,0,0,0,0,0,0,0,0,NA,0,Rural,0,0,0,0
1486,Honduras,12,3,1,0,0,1,0,0,0,0,0,0,0,0,0,Rural,0,1,0,0
1487,Honduras,6,12,1,1,0,1,0,0,0,1,1,0,1,0,0,Rural,0,0,0,0
1488,Honduras,9,NA,0,1,0,1,0,0,0,0,0,0,0,NA,0,Rural,0,1,0,1
1489,Honduras,5,NA,1,1,0,1,0,1,0,0,1,1,1,1,0,Urban,0,0,0,0
1490,Honduras,9,6,1,1,0,1,0,1,0,0,1,1,0,1,1,Urban,0,0,0,0
1491,Honduras,4,NA,0,1,0,1,0,0,0,1,0,0,0,NA,0,Rural,0,1,1,0
1492,Honduras,2,0,0,0,0,0,0,0,0,0,1,0,0,NA,0,Rural,1,1,1,0
1493,Honduras,9,10,1,1,0,1,0,0,0,1,1,0,0,0,0,Rural,0,1,0,0
1494,Honduras,0,3,1,1,0,1,1,0,0,1,1,0,0,0,0,Urban,0,1,0,0
1495,Honduras,9,4,1,1,1,1,0,0,0,0,1,1,0,0,0,Urban,0,1,0,0
1496,Honduras,1,0,0,1,0,1,0,0,0,0,1,1,0,NA,0,Urban,0,0,0,0
1497,Honduras,12,8,1,1,1,1,1,1,1,0,1,1,0,1,1,Urban,0,1,1,0
1498,Honduras,0,NA,1,1,0,1,0,0,0,0,1,1,0,1,1,Urban,0,0,0,0
1499,Honduras,11,13,1,1,1,1,2,1,1,0,1,1,1,1,1,Urban,1,0,0,0
1500,Honduras,3,4,1,1,0,0,1,1,1,0,1,1,0,1,0,Urban,0,1,0,0
1501,Honduras,10,1,1,1,0,NA,0,0,0,0,0,0,0,0,1,Urban,1,1,0,0
1502,Honduras,6,NA,1,0,0,1,0,0,0,0,0,0,0,1,0,Rural,0,1,1,0
1503,Honduras,6,2,1,1,0,1,0,0,0,1,1,1,0,1,0,Rural,0,0,0,0
1504,Honduras,12,9,1,1,0,1,0,0,0,0,1,1,0,0,0,Rural,1,0,0,0
1505,Honduras,12,11,1,1,0,1,0,1,1,0,1,1,1,1,1,Urban,1,0,0,0
1506,Honduras,13,14,1,1,0,1,1,1,1,1,1,1,1,1,1,Urban,1,0,0,0
1507,Honduras,14,8,1,1,1,1,0,1,0,0,0,1,1,0,0,Urban,1,0,0,0
1508,Honduras,3,3,0,0,0,1,0,0,1,1,1,0,0,NA,0,Rural,0,1,1,0
1509,Honduras,NA,NA,1,0,0,1,0,0,0,1,0,0,0,0,1,Rural,0,1,1,0
1510,Honduras,15,0,1,0,0,1,0,0,0,0,0,0,0,0,0,Rural,0,0,0,0
1511,Honduras,12,4,0,1,0,1,0,0,0,0,1,1,1,NA,0,Urban,0,0,0,0
1512,Honduras,12,3,0,1,0,1,0,0,0,0,0,0,1,NA,0,Rural,1,0,0,0
1513,Honduras,6,6,1,1,1,1,0,1,1,0,1,1,0,1,0,Urban,0,0,0,0
1514,Honduras,6,NA,1,1,0,1,1,0,1,0,1,1,0,0,0,Rural,1,0,0,1
1515,Honduras,8,0,0,1,0,1,2,1,0,1,1,1,0,NA,1,Urban,0,0,0,0
1516,Honduras,3,1,1,1,0,1,0,0,0,0,1,0,0,0,0,Urban,0,0,0,0
1517,Honduras,13,12,1,1,0,1,1,0,0,0,1,1,1,1,1,Urban,0,0,0,0
1518,Honduras,0,0,0,0,0,0,0,0,0,0,1,0,0,NA,0,Urban,NA,0,0,0
1519,Honduras,12,8,1,1,0,1,0,0,1,1,1,1,0,1,0,Urban,0,0,0,0
1520,Honduras,6,2,0,0,0,1,0,0,0,0,0,0,0,NA,0,Rural,0,1,1,0
1521,Honduras,2,NA,1,0,0,0,0,0,0,0,0,0,0,0,0,Urban,NA,1,1,0
1522,Honduras,6,2,1,1,0,1,0,0,0,1,0,0,0,0,0,Rural,0,1,1,0
1523,Honduras,6,1,1,0,0,1,0,0,0,0,1,1,0,1,0,Rural,1,1,1,0
1524,Honduras,2,1,1,1,0,1,0,0,0,0,0,0,0,0,0,Urban,0,1,0,0
1525,Honduras,0,4,1,0,0,0,0,0,0,0,1,1,0,0,0,Urban,1,1,1,0
1526,Honduras,14,15,1,1,0,1,0,1,1,1,1,1,0,1,0,Rural,0,0,0,0
1527,Honduras,6,3,0,1,0,1,0,0,0,0,1,1,0,NA,0,Rural,0,0,0,0
1528,Honduras,6,14,1,1,0,1,0,0,1,0,1,1,1,1,1,Urban,0,0,0,0
1529,Honduras,7,7,1,1,1,1,0,0,1,0,1,1,0,0,1,Urban,0,0,0,0
1530,Honduras,4,11,0,1,1,1,0,0,0,1,1,1,0,NA,0,Rural,1,1,0,0
1531,Honduras,12,4,1,0,0,1,0,0,0,0,1,0,0,1,0,Urban,0,1,1,0
1532,Honduras,6,5,1,1,0,1,0,0,0,0,1,1,0,1,0,Urban,1,0,0,0
1533,Honduras,5,0,0,0,0,1,0,0,0,0,0,0,0,NA,0,Rural,0,1,1,0
1534,Honduras,12,11,1,1,1,1,1,1,0,0,1,1,0,1,0,Urban,0,1,1,0
1535,Honduras,6,0,0,0,0,0,1,0,0,0,1,0,0,NA,0,Rural,1,0,0,0
1536,Honduras,9,NA,1,1,0,1,0,0,0,1,1,0,0,0,0,Rural,1,1,1,0
1537,Honduras,2,7,1,1,0,0,1,0,0,0,1,1,0,1,0,Rural,0,1,0,0
1538,Honduras,18,12,0,1,1,1,1,1,1,1,1,1,1,NA,1,Urban,0,1,0,0
1539,Honduras,6,1,1,0,0,1,0,0,0,0,1,0,0,1,0,Urban,1,1,1,0
1540,Honduras,6,0,1,1,0,0,0,0,0,0,1,0,0,0,0,Urban,0,1,1,0
1541,Honduras,5,8,0,1,0,1,0,1,0,0,1,1,0,NA,0,Rural,0,0,0,0
1542,Honduras,3,NA,1,1,0,1,2,0,0,1,1,1,0,0,0,Urban,0,0,0,0
1543,Honduras,18,13,1,1,1,1,0,0,0,1,1,1,1,1,0,Urban,1,0,0,0
1544,Honduras,9,7,1,1,0,1,0,0,0,0,1,1,0,0,0,Urban,0,0,1,0
1545,Honduras,3,NA,1,1,0,1,0,0,1,0,1,1,1,0,1,Urban,0,0,0,0
1546,Honduras,1,2,0,0,0,0,0,0,0,0,0,0,0,NA,0,Rural,0,0,0,0
1547,Honduras,3,4,1,1,0,1,0,1,0,0,1,1,0,0,0,Urban,1,0,0,0
1548,Honduras,1,1,0,0,0,1,0,0,0,0,1,0,0,NA,0,Rural,0,1,1,0
1549,Honduras,0,3,1,0,0,1,0,0,0,0,1,0,0,0,0,Rural,0,1,1,0
1550,Honduras,13,1,1,1,0,1,0,0,1,0,1,1,0,1,0,Urban,0,1,1,0
1551,Honduras,7,4,1,1,0,1,0,0,0,0,1,1,1,0,0,Urban,1,1,1,0
1552,Honduras,6,1,1,1,0,0,0,0,0,0,1,1,0,0,0,Rural,1,1,1,0
1553,Honduras,6,4,1,0,0,0,0,0,0,0,0,0,0,1,0,Rural,1,1,1,0
1554,Honduras,4,1,1,1,0,0,0,0,0,0,1,1,0,1,1,Urban,0,1,1,0
1555,Honduras,9,3,1,1,0,1,0,0,0,0,1,1,0,1,0,Rural,0,0,0,0
1556,Honduras,6,4,1,1,1,1,0,0,0,1,1,1,1,0,0,Rural,0,0,0,0
1557,Honduras,6,NA,1,1,0,1,0,0,1,0,1,1,0,1,1,Urban,0,0,0,0
1558,Honduras,0,6,1,0,0,1,0,0,0,0,1,0,0,0,0,Rural,0,1,0,0
1559,Honduras,12,1,1,1,0,1,0,0,0,0,1,1,0,0,0,Rural,0,0,0,0
1560,Honduras,4,14,1,1,0,1,0,0,1,0,0,0,0,1,1,Urban,1,0,0,0
